disputeId,type,tier,expectedWinner,actualWinner,correct,openGas,resolveGas,totalGas,resolutionTimeMinutes
1,LateDelivery,Tier1,buyer,buyer,true,144410,59642,204052,5
2,LateDelivery,Tier1,buyer,buyer,true,127310,59642,186952,5
3,LateDelivery,Tier1,buyer,buyer,true,127310,59642,186952,5
4,LateDelivery,Tier1,buyer,buyer,true,127310,59642,186952,5
5,LateDelivery,Tier1,buyer,buyer,true,127310,59642,186952,5
6,LateDelivery,Tier1,buyer,buyer,true,127310,59642,186952,5
7,LateDelivery,Tier1,buyer,buyer,true,127310,59642,186952,5
8,LateDelivery,Tier1,buyer,buyer,true,127310,59642,186952,5
9,LateDelivery,Tier1,buyer,buyer,true,127310,59642,186952,5
10,LateDelivery,Tier1,buyer,buyer,true,127310,59642,186952,5
11,LateDelivery,Tier1,buyer,buyer,true,127310,59642,186952,5
12,LateDelivery,Tier1,buyer,buyer,true,127310,59642,186952,5
13,LateDelivery,Tier1,buyer,buyer,true,127310,59642,186952,5
14,LateDelivery,Tier1,buyer,buyer,true,127310,59642,186952,5
15,LateDelivery,Tier1,buyer,buyer,true,127310,59642,186952,5
16,LateDelivery,Tier1,buyer,buyer,true,127310,59642,186952,5
17,LateDelivery,Tier1,buyer,buyer,true,127310,59642,186952,5
18,LateDelivery,Tier1,buyer,buyer,true,127310,59642,186952,5
19,LateDelivery,Tier1,buyer,buyer,true,127310,59642,186952,5
20,LateDelivery,Tier1,buyer,buyer,true,127310,59642,186952,5
21,LateDelivery,Tier1,buyer,buyer,true,127310,59642,186952,5
22,LateDelivery,Tier1,buyer,buyer,true,127310,59642,186952,5
23,LateDelivery,Tier1,buyer,buyer,true,127310,59642,186952,5
24,LateDelivery,Tier1,buyer,buyer,true,127310,59642,186952,5
25,LateDelivery,Tier1,buyer,buyer,true,127310,59642,186952,5
26,LateDelivery,Tier1,buyer,buyer,true,127310,59642,186952,5
27,LateDelivery,Tier1,buyer,buyer,true,127310,59642,186952,5
28,LateDelivery,Tier1,buyer,buyer,true,127310,59642,186952,5
29,LateDelivery,Tier1,buyer,buyer,true,127310,59642,186952,5
30,LateDelivery,Tier1,buyer,buyer,true,127310,59642,186952,5
31,LateDelivery,Tier1,buyer,buyer,true,127310,59642,186952,5
32,LateDelivery,Tier1,buyer,buyer,true,127310,59642,186952,5
33,LateDelivery,Tier1,buyer,buyer,true,127310,59642,186952,5
34,LateDelivery,Tier1,buyer,buyer,true,127310,59642,186952,5
35,LateDelivery,Tier1,buyer,buyer,true,127310,59642,186952,5
36,LateDelivery,Tier1,buyer,buyer,true,127310,59642,186952,5
37,LateDelivery,Tier1,buyer,buyer,true,127310,59642,186952,5
38,LateDelivery,Tier1,buyer,buyer,true,127310,59642,186952,5
39,LateDelivery,Tier1,buyer,buyer,true,127310,59642,186952,5
40,LateDelivery,Tier1,buyer,buyer,true,127310,59642,186952,5
41,LateDelivery,Tier1,buyer,buyer,true,127310,59642,186952,5
42,LateDelivery,Tier1,buyer,buyer,true,127310,59642,186952,5
43,LateDelivery,Tier1,buyer,buyer,true,127310,59642,186952,5
44,LateDelivery,Tier1,buyer,buyer,true,127310,59642,186952,5
45,LateDelivery,Tier1,buyer,buyer,true,127310,59642,186952,5
46,LateDelivery,Tier1,buyer,buyer,true,127310,59642,186952,5
47,LateDelivery,Tier1,buyer,buyer,true,127310,59642,186952,5
48,LateDelivery,Tier1,buyer,buyer,true,127310,59642,186952,5
49,LateDelivery,Tier1,buyer,buyer,true,127310,59642,186952,5
50,LateDelivery,Tier1,buyer,buyer,true,127310,59642,186952,5
51,LateDelivery,Tier1,buyer,buyer,true,127310,59642,186952,5
52,LateDelivery,Tier1,buyer,buyer,true,127310,59642,186952,5
53,LateDelivery,Tier1,buyer,buyer,true,127310,59642,186952,5
54,LateDelivery,Tier1,buyer,buyer,true,127310,59642,186952,5
55,LateDelivery,Tier1,buyer,buyer,true,127310,59642,186952,5
56,LateDelivery,Tier1,buyer,buyer,true,127310,59642,186952,5
57,LateDelivery,Tier1,buyer,buyer,true,127310,59642,186952,5
58,LateDelivery,Tier1,buyer,buyer,true,127310,59642,186952,5
59,LateDelivery,Tier1,buyer,buyer,true,127310,59642,186952,5
60,LateDelivery,Tier1,buyer,buyer,true,127310,59642,186952,5
61,LateDelivery,Tier1,buyer,buyer,true,127310,59642,186952,5
62,LateDelivery,Tier1,buyer,buyer,true,127310,59642,186952,5
63,LateDelivery,Tier1,buyer,buyer,true,127310,59642,186952,5
64,LateDelivery,Tier1,buyer,buyer,true,127310,59642,186952,5
65,LateDelivery,Tier1,buyer,buyer,true,127310,59642,186952,5
66,LateDelivery,Tier1,buyer,buyer,true,127310,59642,186952,5
67,LateDelivery,Tier1,buyer,buyer,true,127310,59642,186952,5
68,LateDelivery,Tier1,buyer,buyer,true,127310,59642,186952,5
69,LateDelivery,Tier1,buyer,buyer,true,127310,59642,186952,5
70,LateDelivery,Tier1,buyer,buyer,true,127310,59642,186952,5
71,LateDelivery,Tier1,buyer,buyer,true,127310,59642,186952,5
72,LateDelivery,Tier1,buyer,buyer,true,127310,59642,186952,5
73,LateDelivery,Tier1,buyer,buyer,true,127310,59642,186952,5
74,LateDelivery,Tier1,buyer,buyer,true,127310,59642,186952,5
75,LateDelivery,Tier1,buyer,buyer,true,127310,59642,186952,5
76,LateDelivery,Tier1,buyer,buyer,true,127310,59642,186952,5
77,LateDelivery,Tier1,buyer,buyer,true,127310,59642,186952,5
78,LateDelivery,Tier1,buyer,buyer,true,127310,59642,186952,5
79,LateDelivery,Tier1,buyer,buyer,true,127310,59642,186952,5
80,LateDelivery,Tier1,buyer,buyer,true,127310,59642,186952,5
81,LateDelivery,Tier1,buyer,buyer,true,127310,59642,186952,5
82,LateDelivery,Tier1,buyer,buyer,true,127310,59642,186952,5
83,LateDelivery,Tier1,buyer,buyer,true,127310,59642,186952,5
84,LateDelivery,Tier1,buyer,buyer,true,127310,59642,186952,5
85,LateDelivery,Tier1,buyer,buyer,true,127310,59642,186952,5
86,LateDelivery,Tier1,buyer,buyer,true,127310,59642,186952,5
87,LateDelivery,Tier1,buyer,buyer,true,127310,59642,186952,5
88,LateDelivery,Tier1,buyer,buyer,true,127310,59642,186952,5
89,LateDelivery,Tier1,buyer,buyer,true,127310,59642,186952,5
90,LateDelivery,Tier1,buyer,buyer,true,127310,59642,186952,5
91,LateDelivery,Tier1,buyer,buyer,true,127310,59642,186952,5
92,LateDelivery,Tier1,buyer,buyer,true,127310,59642,186952,5
93,LateDelivery,Tier1,buyer,buyer,true,127310,59642,186952,5
94,LateDelivery,Tier1,buyer,buyer,true,127310,59642,186952,5
95,LateDelivery,Tier1,buyer,buyer,true,127310,59642,186952,5
96,LateDelivery,Tier1,buyer,buyer,true,127310,59642,186952,5
97,LateDelivery,Tier1,buyer,buyer,true,127310,59642,186952,5
98,LateDelivery,Tier1,buyer,buyer,true,127310,59642,186952,5
99,LateDelivery,Tier1,buyer,buyer,true,127310,59642,186952,5
100,LateDelivery,Tier1,buyer,buyer,true,127310,59642,186952,5
101,LateDelivery,Tier1,buyer,buyer,true,127310,59642,186952,5
102,LateDelivery,Tier1,buyer,buyer,true,127310,59642,186952,5
103,LateDelivery,Tier1,buyer,buyer,true,127310,59642,186952,5
104,LateDelivery,Tier1,buyer,buyer,true,127310,59642,186952,5
105,LateDelivery,Tier1,buyer,buyer,true,127310,59642,186952,5
106,LateDelivery,Tier1,buyer,buyer,true,127310,59642,186952,5
107,LateDelivery,Tier1,buyer,buyer,true,127310,59642,186952,5
108,LateDelivery,Tier1,buyer,buyer,true,127310,59642,186952,5
109,LateDelivery,Tier1,buyer,buyer,true,127310,59642,186952,5
110,LateDelivery,Tier1,buyer,buyer,true,127310,59642,186952,5
111,LateDelivery,Tier1,buyer,buyer,true,127310,59642,186952,5
112,LateDelivery,Tier1,buyer,buyer,true,127310,59642,186952,5
113,LateDelivery,Tier1,buyer,buyer,true,127310,59642,186952,5
114,LateDelivery,Tier1,buyer,buyer,true,127310,59642,186952,5
115,LateDelivery,Tier1,buyer,buyer,true,127310,59642,186952,5
116,LateDelivery,Tier1,buyer,buyer,true,127310,59642,186952,5
117,LateDelivery,Tier1,buyer,buyer,true,127310,59642,186952,5
118,LateDelivery,Tier1,buyer,buyer,true,127310,59642,186952,5
119,LateDelivery,Tier1,buyer,buyer,true,127310,59642,186952,5
120,LateDelivery,Tier1,buyer,buyer,true,127310,59642,186952,5
121,LateDelivery,Tier1,buyer,buyer,true,127310,59642,186952,5
122,LateDelivery,Tier1,buyer,buyer,true,127310,59642,186952,5
123,LateDelivery,Tier1,buyer,buyer,true,127310,59642,186952,5
124,LateDelivery,Tier1,buyer,buyer,true,127310,59642,186952,5
125,LateDelivery,Tier1,buyer,buyer,true,127310,59642,186952,5
126,LateDelivery,Tier1,buyer,buyer,true,127310,59642,186952,5
127,LateDelivery,Tier1,buyer,buyer,true,127310,59642,186952,5
128,LateDelivery,Tier1,buyer,buyer,true,127310,59642,186952,5
129,LateDelivery,Tier1,buyer,buyer,true,127310,59642,186952,5
130,LateDelivery,Tier1,buyer,buyer,true,127310,59642,186952,5
131,LateDelivery,Tier1,buyer,buyer,true,127310,59642,186952,5
132,LateDelivery,Tier1,buyer,buyer,true,127310,59642,186952,5
133,LateDelivery,Tier1,buyer,buyer,true,127310,59642,186952,5
134,LateDelivery,Tier1,buyer,buyer,true,127310,59642,186952,5
135,LateDelivery,Tier1,buyer,buyer,true,127310,59642,186952,5
136,LateDelivery,Tier1,buyer,buyer,true,127310,59642,186952,5
137,LateDelivery,Tier1,buyer,buyer,true,127310,59642,186952,5
138,LateDelivery,Tier1,buyer,buyer,true,127310,59642,186952,5
139,LateDelivery,Tier1,buyer,buyer,true,127310,59642,186952,5
140,LateDelivery,Tier1,buyer,buyer,true,127310,59642,186952,5
141,LateDelivery,Tier1,buyer,buyer,true,127310,59642,186952,5
142,LateDelivery,Tier1,buyer,buyer,true,127310,59642,186952,5
143,LateDelivery,Tier1,buyer,buyer,true,127310,59642,186952,5
144,LateDelivery,Tier1,buyer,buyer,true,127310,59642,186952,5
145,LateDelivery,Tier1,buyer,buyer,true,127310,59642,186952,5
146,LateDelivery,Tier1,buyer,buyer,true,127310,59642,186952,5
147,LateDelivery,Tier1,buyer,buyer,true,127310,59642,186952,5
148,LateDelivery,Tier1,buyer,buyer,true,127310,59642,186952,5
149,LateDelivery,Tier1,buyer,buyer,true,127310,59642,186952,5
150,LateDelivery,Tier1,buyer,buyer,true,127310,59642,186952,5
151,LateDelivery,Tier1,buyer,buyer,true,127310,59642,186952,5
152,LateDelivery,Tier1,buyer,buyer,true,127310,59642,186952,5
153,LateDelivery,Tier1,buyer,buyer,true,127310,59642,186952,5
154,LateDelivery,Tier1,buyer,buyer,true,127310,59642,186952,5
155,LateDelivery,Tier1,buyer,buyer,true,127310,59642,186952,5
156,LateDelivery,Tier1,buyer,buyer,true,127310,59642,186952,5
157,LateDelivery,Tier1,buyer,buyer,true,127310,59642,186952,5
158,LateDelivery,Tier1,buyer,buyer,true,127310,59642,186952,5
159,LateDelivery,Tier1,buyer,buyer,true,127310,59642,186952,5
160,LateDelivery,Tier1,buyer,buyer,true,127310,59642,186952,5
161,LateDelivery,Tier1,buyer,buyer,true,127310,59642,186952,5
162,LateDelivery,Tier1,buyer,buyer,true,127310,59642,186952,5
163,LateDelivery,Tier1,buyer,buyer,true,127310,59642,186952,5
164,LateDelivery,Tier1,buyer,buyer,true,127310,59642,186952,5
165,LateDelivery,Tier1,buyer,buyer,true,127310,59642,186952,5
166,LateDelivery,Tier1,buyer,buyer,true,127310,59642,186952,5
167,LateDelivery,Tier1,buyer,buyer,true,127310,59642,186952,5
168,LateDelivery,Tier1,buyer,buyer,true,127310,59642,186952,5
169,LateDelivery,Tier1,buyer,buyer,true,127310,59642,186952,5
170,LateDelivery,Tier1,buyer,buyer,true,127310,59642,186952,5
171,LateDelivery,Tier1,buyer,buyer,true,127310,59642,186952,5
172,LateDelivery,Tier1,buyer,buyer,true,127310,59642,186952,5
173,LateDelivery,Tier1,buyer,buyer,true,127310,59642,186952,5
174,LateDelivery,Tier1,buyer,buyer,true,127310,59642,186952,5
175,LateDelivery,Tier1,buyer,buyer,true,127310,59642,186952,5
176,LateDelivery,Tier1,buyer,buyer,true,127310,59642,186952,5
177,LateDelivery,Tier1,buyer,buyer,true,127310,59642,186952,5
178,LateDelivery,Tier1,buyer,buyer,true,127310,59642,186952,5
179,LateDelivery,Tier1,buyer,buyer,true,127310,59642,186952,5
180,LateDelivery,Tier1,buyer,buyer,true,127310,59642,186952,5
181,LateDelivery,Tier1,buyer,buyer,true,127310,59642,186952,5
182,LateDelivery,Tier1,buyer,buyer,true,127310,59642,186952,5
183,LateDelivery,Tier1,buyer,buyer,true,127310,59642,186952,5
184,LateDelivery,Tier1,buyer,buyer,true,127310,59642,186952,5
185,LateDelivery,Tier1,buyer,buyer,true,127310,59642,186952,5
186,LateDelivery,Tier1,buyer,buyer,true,127310,59642,186952,5
187,LateDelivery,Tier1,buyer,buyer,true,127310,59642,186952,5
188,LateDelivery,Tier1,buyer,buyer,true,127310,59642,186952,5
189,LateDelivery,Tier1,buyer,buyer,true,127310,59642,186952,5
190,LateDelivery,Tier1,buyer,buyer,true,127310,59642,186952,5
191,LateDelivery,Tier1,buyer,buyer,true,127310,59642,186952,5
192,LateDelivery,Tier1,buyer,buyer,true,127310,59642,186952,5
193,LateDelivery,Tier1,buyer,buyer,true,127310,59642,186952,5
194,LateDelivery,Tier1,buyer,buyer,true,127310,59642,186952,5
195,LateDelivery,Tier1,buyer,buyer,true,127310,59642,186952,5
196,LateDelivery,Tier1,buyer,buyer,true,127310,59642,186952,5
197,LateDelivery,Tier1,buyer,buyer,true,127310,59642,186952,5
198,LateDelivery,Tier1,buyer,buyer,true,127310,59642,186952,5
199,LateDelivery,Tier1,buyer,buyer,true,127310,59642,186952,5
200,LateDelivery,Tier1,buyer,buyer,true,127310,59642,186952,5
201,LateDelivery,Tier1,buyer,buyer,true,127310,59642,186952,5
202,LateDelivery,Tier1,buyer,buyer,true,127310,59642,186952,5
203,LateDelivery,Tier1,buyer,buyer,true,127310,59642,186952,5
204,LateDelivery,Tier1,buyer,buyer,true,127310,59642,186952,5
205,LateDelivery,Tier1,buyer,buyer,true,127310,59642,186952,5
206,LateDelivery,Tier1,buyer,buyer,true,127310,59642,186952,5
207,LateDelivery,Tier1,buyer,buyer,true,127310,59642,186952,5
208,LateDelivery,Tier1,buyer,buyer,true,127310,59642,186952,5
209,LateDelivery,Tier1,buyer,buyer,true,127310,59642,186952,5
210,LateDelivery,Tier1,buyer,buyer,true,127310,59642,186952,5
211,LateDelivery,Tier1,buyer,buyer,true,127310,59642,186952,5
212,LateDelivery,Tier1,buyer,buyer,true,127310,59642,186952,5
213,LateDelivery,Tier1,buyer,buyer,true,127310,59642,186952,5
214,LateDelivery,Tier1,buyer,buyer,true,127310,59642,186952,5
215,LateDelivery,Tier1,buyer,buyer,true,127310,59642,186952,5
216,LateDelivery,Tier1,buyer,buyer,true,127310,59642,186952,5
217,LateDelivery,Tier1,buyer,buyer,true,127310,59642,186952,5
218,LateDelivery,Tier1,buyer,buyer,true,127310,59642,186952,5
219,LateDelivery,Tier1,buyer,buyer,true,127310,59642,186952,5
220,LateDelivery,Tier1,buyer,buyer,true,127310,59642,186952,5
221,LateDelivery,Tier1,buyer,buyer,true,127310,59642,186952,5
222,LateDelivery,Tier1,buyer,buyer,true,127310,59642,186952,5
223,LateDelivery,Tier1,buyer,buyer,true,127310,59642,186952,5
224,LateDelivery,Tier1,buyer,buyer,true,127310,59642,186952,5
225,LateDelivery,Tier1,buyer,buyer,true,127310,59642,186952,5
226,LateDelivery,Tier1,buyer,buyer,true,127310,59642,186952,5
227,LateDelivery,Tier1,buyer,buyer,true,127310,59642,186952,5
228,LateDelivery,Tier1,buyer,buyer,true,127310,59642,186952,5
229,LateDelivery,Tier1,buyer,buyer,true,127310,59642,186952,5
230,LateDelivery,Tier1,buyer,buyer,true,127310,59642,186952,5
231,LateDelivery,Tier1,buyer,buyer,true,127310,59642,186952,5
232,LateDelivery,Tier1,buyer,buyer,true,127310,59642,186952,5
233,LateDelivery,Tier1,buyer,buyer,true,127310,59642,186952,5
234,LateDelivery,Tier1,buyer,buyer,true,127310,59642,186952,5
235,LateDelivery,Tier1,buyer,buyer,true,127310,59642,186952,5
236,LateDelivery,Tier1,buyer,buyer,true,127310,59642,186952,5
237,LateDelivery,Tier1,buyer,buyer,true,127310,59642,186952,5
238,LateDelivery,Tier1,buyer,buyer,true,127310,59642,186952,5
239,LateDelivery,Tier1,buyer,buyer,true,127310,59642,186952,5
240,LateDelivery,Tier1,buyer,buyer,true,127310,59642,186952,5
241,LateDelivery,Tier1,buyer,buyer,true,127310,59642,186952,5
242,LateDelivery,Tier1,buyer,buyer,true,127310,59642,186952,5
243,LateDelivery,Tier1,buyer,buyer,true,127310,59642,186952,5
244,LateDelivery,Tier1,buyer,buyer,true,127310,59642,186952,5
245,LateDelivery,Tier1,buyer,buyer,true,127310,59642,186952,5
246,LateDelivery,Tier1,buyer,buyer,true,127310,59642,186952,5
247,LateDelivery,Tier1,buyer,buyer,true,127310,59642,186952,5
248,LateDelivery,Tier1,buyer,buyer,true,127310,59642,186952,5
249,LateDelivery,Tier1,buyer,buyer,true,127310,59642,186952,5
250,LateDelivery,Tier1,buyer,buyer,true,127310,59642,186952,5
251,LateDelivery,Tier1,buyer,buyer,true,127310,59642,186952,5
252,LateDelivery,Tier1,buyer,buyer,true,127310,59642,186952,5
253,LateDelivery,Tier1,buyer,buyer,true,127310,59642,186952,5
254,LateDelivery,Tier1,buyer,buyer,true,127310,59642,186952,5
255,LateDelivery,Tier1,buyer,buyer,true,127310,59642,186952,5
256,LateDelivery,Tier1,buyer,buyer,true,127310,59642,186952,5
257,LateDelivery,Tier1,buyer,buyer,true,127310,59654,186964,5
258,LateDelivery,Tier1,buyer,buyer,true,127310,59654,186964,5
259,LateDelivery,Tier1,buyer,buyer,true,127310,59654,186964,5
260,LateDelivery,Tier1,buyer,buyer,true,127310,59654,186964,5
261,LateDelivery,Tier1,buyer,buyer,true,127310,59654,186964,5
262,LateDelivery,Tier1,buyer,buyer,true,127310,59654,186964,5
263,LateDelivery,Tier1,buyer,buyer,true,127310,59654,186964,5
264,LateDelivery,Tier1,buyer,buyer,true,127310,59654,186964,5
265,LateDelivery,Tier1,buyer,buyer,true,127310,59654,186964,5
266,LateDelivery,Tier1,buyer,buyer,true,127310,59654,186964,5
267,LateDelivery,Tier1,buyer,buyer,true,127310,59654,186964,5
268,LateDelivery,Tier1,buyer,buyer,true,127310,59654,186964,5
269,LateDelivery,Tier1,buyer,buyer,true,127310,59654,186964,5
270,LateDelivery,Tier1,buyer,buyer,true,127310,59654,186964,5
271,LateDelivery,Tier1,buyer,buyer,true,127310,59654,186964,5
272,LateDelivery,Tier1,buyer,buyer,true,127310,59654,186964,5
273,LateDelivery,Tier1,buyer,buyer,true,127310,59654,186964,5
274,LateDelivery,Tier1,buyer,buyer,true,127310,59654,186964,5
275,LateDelivery,Tier1,buyer,buyer,true,127310,59654,186964,5
276,LateDelivery,Tier1,buyer,buyer,true,127310,59654,186964,5
277,LateDelivery,Tier1,buyer,buyer,true,127310,59654,186964,5
278,LateDelivery,Tier1,buyer,buyer,true,127310,59654,186964,5
279,LateDelivery,Tier1,buyer,buyer,true,127310,59654,186964,5
280,LateDelivery,Tier1,buyer,buyer,true,127310,59654,186964,5
281,LateDelivery,Tier1,buyer,buyer,true,127310,59654,186964,5
282,LateDelivery,Tier1,buyer,buyer,true,127310,59654,186964,5
283,LateDelivery,Tier1,buyer,buyer,true,127310,59654,186964,5
284,LateDelivery,Tier1,buyer,buyer,true,127310,59654,186964,5
285,LateDelivery,Tier1,buyer,buyer,true,127310,59654,186964,5
286,LateDelivery,Tier1,buyer,buyer,true,127310,59654,186964,5
287,LateDelivery,Tier1,buyer,buyer,true,127310,59654,186964,5
288,LateDelivery,Tier1,buyer,buyer,true,127310,59654,186964,5
289,LateDelivery,Tier1,buyer,buyer,true,127310,59654,186964,5
290,LateDelivery,Tier1,buyer,buyer,true,127310,59654,186964,5
291,LateDelivery,Tier1,buyer,buyer,true,127310,59654,186964,5
292,LateDelivery,Tier1,buyer,buyer,true,127310,59654,186964,5
293,LateDelivery,Tier1,buyer,buyer,true,127310,59654,186964,5
294,LateDelivery,Tier1,buyer,buyer,true,127310,59654,186964,5
295,LateDelivery,Tier1,buyer,buyer,true,127310,59654,186964,5
296,LateDelivery,Tier1,buyer,buyer,true,127310,59654,186964,5
297,LateDelivery,Tier1,buyer,buyer,true,127310,59654,186964,5
298,LateDelivery,Tier1,buyer,buyer,true,127310,59654,186964,5
299,LateDelivery,Tier1,buyer,buyer,true,127310,59654,186964,5
300,LateDelivery,Tier1,buyer,buyer,true,127310,59654,186964,5
301,Shortage,Tier1,buyer,buyer,true,147222,59753,206975,5
302,Shortage,Tier1,buyer,buyer,true,147222,59753,206975,5
303,Shortage,Tier1,buyer,buyer,true,147222,59753,206975,5
304,Shortage,Tier1,buyer,buyer,true,147222,59753,206975,5
305,Shortage,Tier1,buyer,buyer,true,147222,59753,206975,5
306,Shortage,Tier1,buyer,buyer,true,147222,59753,206975,5
307,Shortage,Tier1,buyer,buyer,true,147222,59753,206975,5
308,Shortage,Tier1,buyer,buyer,true,147222,59753,206975,5
309,Shortage,Tier1,buyer,buyer,true,147222,59753,206975,5
310,Shortage,Tier1,buyer,buyer,true,147222,59753,206975,5
311,Shortage,Tier1,buyer,buyer,true,147222,59753,206975,5
312,Shortage,Tier1,buyer,buyer,true,147222,59753,206975,5
313,Shortage,Tier1,buyer,buyer,true,147222,59753,206975,5
314,Shortage,Tier1,buyer,buyer,true,147222,59753,206975,5
315,Shortage,Tier1,buyer,buyer,true,147222,59753,206975,5
316,Shortage,Tier1,buyer,buyer,true,147222,59753,206975,5
317,Shortage,Tier1,buyer,buyer,true,147222,59753,206975,5
318,Shortage,Tier1,buyer,buyer,true,147222,59753,206975,5
319,Shortage,Tier1,buyer,buyer,true,147222,59753,206975,5
320,Shortage,Tier1,buyer,buyer,true,147222,59753,206975,5
321,Shortage,Tier1,buyer,buyer,true,147222,59753,206975,5
322,Shortage,Tier1,buyer,buyer,true,147222,59753,206975,5
323,Shortage,Tier1,buyer,buyer,true,147222,59753,206975,5
324,Shortage,Tier1,buyer,buyer,true,147222,59753,206975,5
325,Shortage,Tier1,buyer,buyer,true,147222,59753,206975,5
326,Shortage,Tier1,buyer,buyer,true,147222,59753,206975,5
327,Shortage,Tier1,buyer,buyer,true,147222,59753,206975,5
328,Shortage,Tier1,buyer,buyer,true,147222,59753,206975,5
329,Shortage,Tier1,buyer,buyer,true,147222,59753,206975,5
330,Shortage,Tier1,buyer,buyer,true,147222,59753,206975,5
331,Shortage,Tier1,buyer,buyer,true,147222,59753,206975,5
332,Shortage,Tier1,buyer,buyer,true,147222,59753,206975,5
333,Shortage,Tier1,buyer,buyer,true,147222,59753,206975,5
334,Shortage,Tier1,buyer,buyer,true,147222,59753,206975,5
335,Shortage,Tier1,buyer,buyer,true,147222,59753,206975,5
336,Shortage,Tier1,buyer,buyer,true,147222,59753,206975,5
337,Shortage,Tier1,buyer,buyer,true,147222,59753,206975,5
338,Shortage,Tier1,buyer,buyer,true,147222,59753,206975,5
339,Shortage,Tier1,buyer,buyer,true,147222,59753,206975,5
340,Shortage,Tier1,buyer,buyer,true,147222,59753,206975,5
341,Shortage,Tier1,buyer,buyer,true,147222,59753,206975,5
342,Shortage,Tier1,buyer,buyer,true,147222,59753,206975,5
343,Shortage,Tier1,buyer,buyer,true,147222,59753,206975,5
344,Shortage,Tier1,buyer,buyer,true,147222,59753,206975,5
345,Shortage,Tier1,buyer,buyer,true,147222,59753,206975,5
346,Shortage,Tier1,buyer,buyer,true,147222,59753,206975,5
347,Shortage,Tier1,buyer,buyer,true,147222,59753,206975,5
348,Shortage,Tier1,buyer,buyer,true,147222,59753,206975,5
349,Shortage,Tier1,buyer,buyer,true,147222,59753,206975,5
350,Shortage,Tier1,buyer,buyer,true,147222,59753,206975,5
351,Shortage,Tier1,buyer,buyer,true,147222,59753,206975,5
352,Shortage,Tier1,buyer,buyer,true,147222,59753,206975,5
353,Shortage,Tier1,buyer,buyer,true,147222,59753,206975,5
354,Shortage,Tier1,buyer,buyer,true,147222,59753,206975,5
355,Shortage,Tier1,buyer,buyer,true,147222,59753,206975,5
356,Shortage,Tier1,buyer,buyer,true,147222,59753,206975,5
357,Shortage,Tier1,buyer,buyer,true,147222,59753,206975,5
358,Shortage,Tier1,buyer,buyer,true,147222,59753,206975,5
359,Shortage,Tier1,buyer,buyer,true,147222,59753,206975,5
360,Shortage,Tier1,buyer,buyer,true,147222,59753,206975,5
361,Shortage,Tier1,buyer,buyer,true,147222,59753,206975,5
362,Shortage,Tier1,buyer,buyer,true,147222,59753,206975,5
363,Shortage,Tier1,buyer,buyer,true,147222,59753,206975,5
364,Shortage,Tier1,buyer,buyer,true,147222,59753,206975,5
365,Shortage,Tier1,buyer,buyer,true,147222,59753,206975,5
366,Shortage,Tier1,buyer,buyer,true,147222,59753,206975,5
367,Shortage,Tier1,buyer,buyer,true,147222,59753,206975,5
368,Shortage,Tier1,buyer,buyer,true,147222,59753,206975,5
369,Shortage,Tier1,buyer,buyer,true,147222,59753,206975,5
370,Shortage,Tier1,buyer,buyer,true,147222,59753,206975,5
371,Shortage,Tier1,buyer,buyer,true,147222,59753,206975,5
372,Shortage,Tier1,buyer,buyer,true,147222,59753,206975,5
373,Shortage,Tier1,buyer,buyer,true,147222,59753,206975,5
374,Shortage,Tier1,buyer,buyer,true,147222,59753,206975,5
375,Shortage,Tier1,buyer,buyer,true,147222,59753,206975,5
376,Shortage,Tier1,buyer,buyer,true,147222,59753,206975,5
377,Shortage,Tier1,buyer,buyer,true,147222,59753,206975,5
378,Shortage,Tier1,buyer,buyer,true,147222,59753,206975,5
379,Shortage,Tier1,buyer,buyer,true,147222,59753,206975,5
380,Shortage,Tier1,buyer,buyer,true,147222,59753,206975,5
381,Shortage,Tier1,buyer,buyer,true,147222,59753,206975,5
382,Shortage,Tier1,buyer,buyer,true,147222,59753,206975,5
383,Shortage,Tier1,buyer,buyer,true,147222,59753,206975,5
384,Shortage,Tier1,buyer,buyer,true,147222,59753,206975,5
385,Shortage,Tier1,buyer,buyer,true,147222,59753,206975,5
386,Shortage,Tier1,buyer,buyer,true,147222,59753,206975,5
387,Shortage,Tier1,buyer,buyer,true,147222,59753,206975,5
388,Shortage,Tier1,buyer,buyer,true,147222,59753,206975,5
389,Shortage,Tier1,buyer,buyer,true,147222,59753,206975,5
390,Shortage,Tier1,buyer,buyer,true,147222,59753,206975,5
391,Shortage,Tier1,buyer,buyer,true,147222,59753,206975,5
392,Shortage,Tier1,buyer,buyer,true,147222,59753,206975,5
393,Shortage,Tier1,buyer,buyer,true,147222,59753,206975,5
394,Shortage,Tier1,buyer,buyer,true,147222,59753,206975,5
395,Shortage,Tier1,buyer,buyer,true,147222,59753,206975,5
396,Shortage,Tier1,buyer,buyer,true,147222,59753,206975,5
397,Shortage,Tier1,buyer,buyer,true,147222,59753,206975,5
398,Shortage,Tier1,buyer,buyer,true,147222,59753,206975,5
399,Shortage,Tier1,buyer,buyer,true,147222,59753,206975,5
400,Shortage,Tier1,buyer,buyer,true,147222,59753,206975,5
401,Shortage,Tier1,buyer,buyer,true,147222,59753,206975,5
402,Shortage,Tier1,buyer,buyer,true,147222,59753,206975,5
403,Shortage,Tier1,buyer,buyer,true,147222,59753,206975,5
404,Shortage,Tier1,buyer,buyer,true,147222,59753,206975,5
405,Shortage,Tier1,buyer,buyer,true,147222,59753,206975,5
406,Shortage,Tier1,buyer,buyer,true,147222,59753,206975,5
407,Shortage,Tier1,buyer,buyer,true,147222,59753,206975,5
408,Shortage,Tier1,buyer,buyer,true,147222,59753,206975,5
409,Shortage,Tier1,buyer,buyer,true,147222,59753,206975,5
410,Shortage,Tier1,buyer,buyer,true,147222,59753,206975,5
411,Shortage,Tier1,buyer,buyer,true,147222,59753,206975,5
412,Shortage,Tier1,buyer,buyer,true,147222,59753,206975,5
413,Shortage,Tier1,buyer,buyer,true,147222,59753,206975,5
414,Shortage,Tier1,buyer,buyer,true,147222,59753,206975,5
415,Shortage,Tier1,buyer,buyer,true,147222,59753,206975,5
416,Shortage,Tier1,buyer,buyer,true,147222,59753,206975,5
417,Shortage,Tier1,buyer,buyer,true,147222,59753,206975,5
418,Shortage,Tier1,buyer,buyer,true,147222,59753,206975,5
419,Shortage,Tier1,buyer,buyer,true,147222,59753,206975,5
420,Shortage,Tier1,buyer,buyer,true,147222,59753,206975,5
421,Shortage,Tier1,buyer,buyer,true,147222,59753,206975,5
422,Shortage,Tier1,buyer,buyer,true,147222,59753,206975,5
423,Shortage,Tier1,buyer,buyer,true,147222,59753,206975,5
424,Shortage,Tier1,buyer,buyer,true,147222,59753,206975,5
425,Shortage,Tier1,buyer,buyer,true,147222,59753,206975,5
426,Shortage,Tier1,buyer,buyer,true,147222,59753,206975,5
427,Shortage,Tier1,buyer,buyer,true,147222,59753,206975,5
428,Shortage,Tier1,buyer,buyer,true,147222,59753,206975,5
429,Shortage,Tier1,buyer,buyer,true,147222,59753,206975,5
430,Shortage,Tier1,buyer,buyer,true,147222,59753,206975,5
431,Shortage,Tier1,buyer,buyer,true,147222,59753,206975,5
432,Shortage,Tier1,buyer,buyer,true,147222,59753,206975,5
433,Shortage,Tier1,buyer,buyer,true,147222,59753,206975,5
434,Shortage,Tier1,buyer,buyer,true,147222,59753,206975,5
435,Shortage,Tier1,buyer,buyer,true,147222,59753,206975,5
436,Shortage,Tier1,buyer,buyer,true,147222,59753,206975,5
437,Shortage,Tier1,buyer,buyer,true,147222,59753,206975,5
438,Shortage,Tier1,buyer,buyer,true,147222,59753,206975,5
439,Shortage,Tier1,buyer,buyer,true,147222,59753,206975,5
440,Shortage,Tier1,buyer,buyer,true,147222,59753,206975,5
441,Shortage,Tier1,buyer,buyer,true,147222,59753,206975,5
442,Shortage,Tier1,buyer,buyer,true,147222,59753,206975,5
443,Shortage,Tier1,buyer,buyer,true,147222,59753,206975,5
444,Shortage,Tier1,buyer,buyer,true,147222,59753,206975,5
445,Shortage,Tier1,buyer,buyer,true,147222,59753,206975,5
446,Shortage,Tier1,buyer,buyer,true,147222,59753,206975,5
447,Shortage,Tier1,buyer,buyer,true,147222,59753,206975,5
448,Shortage,Tier1,buyer,buyer,true,147222,59753,206975,5
449,Shortage,Tier1,buyer,buyer,true,147222,59753,206975,5
450,Shortage,Tier1,buyer,buyer,true,147222,59753,206975,5
451,Shortage,Tier1,buyer,buyer,true,147222,59753,206975,5
452,Shortage,Tier1,buyer,buyer,true,147222,59753,206975,5
453,Shortage,Tier1,buyer,buyer,true,147222,59753,206975,5
454,Shortage,Tier1,buyer,buyer,true,147222,59753,206975,5
455,Shortage,Tier1,buyer,buyer,true,147222,59753,206975,5
456,Shortage,Tier1,buyer,buyer,true,147222,59753,206975,5
457,Shortage,Tier1,buyer,buyer,true,147222,59753,206975,5
458,Shortage,Tier1,buyer,buyer,true,147222,59753,206975,5
459,Shortage,Tier1,buyer,buyer,true,147222,59753,206975,5
460,Shortage,Tier1,buyer,buyer,true,147222,59753,206975,5
461,Shortage,Tier1,buyer,buyer,true,147222,59753,206975,5
462,Shortage,Tier1,buyer,buyer,true,147222,59753,206975,5
463,Shortage,Tier1,buyer,buyer,true,147222,59753,206975,5
464,Shortage,Tier1,buyer,buyer,true,147222,59753,206975,5
465,Shortage,Tier1,buyer,buyer,true,147222,59753,206975,5
466,Shortage,Tier1,buyer,buyer,true,147222,59753,206975,5
467,Shortage,Tier1,buyer,buyer,true,147222,59753,206975,5
468,Shortage,Tier1,buyer,buyer,true,147222,59753,206975,5
469,Shortage,Tier1,buyer,buyer,true,147222,59753,206975,5
470,Shortage,Tier1,buyer,buyer,true,147222,59753,206975,5
471,Shortage,Tier1,buyer,buyer,true,147222,59753,206975,5
472,Shortage,Tier1,buyer,buyer,true,147222,59753,206975,5
473,Shortage,Tier1,buyer,buyer,true,147222,59753,206975,5
474,Shortage,Tier1,buyer,buyer,true,147222,59753,206975,5
475,Shortage,Tier1,buyer,buyer,true,147222,59753,206975,5
476,Shortage,Tier1,buyer,buyer,true,147222,59753,206975,5
477,Shortage,Tier1,buyer,buyer,true,147222,59753,206975,5
478,Shortage,Tier1,buyer,buyer,true,147222,59753,206975,5
479,Shortage,Tier1,buyer,buyer,true,147222,59753,206975,5
480,Shortage,Tier1,buyer,buyer,true,147222,59753,206975,5
481,Shortage,Tier1,buyer,buyer,true,147222,59753,206975,5
482,Shortage,Tier1,buyer,buyer,true,147222,59753,206975,5
483,Shortage,Tier1,buyer,buyer,true,147222,59753,206975,5
484,Shortage,Tier1,buyer,buyer,true,147222,59753,206975,5
485,Shortage,Tier1,buyer,buyer,true,147222,59753,206975,5
486,Shortage,Tier1,buyer,buyer,true,147222,59753,206975,5
487,Shortage,Tier1,buyer,buyer,true,147222,59753,206975,5
488,Shortage,Tier1,buyer,buyer,true,147222,59753,206975,5
489,Shortage,Tier1,buyer,buyer,true,147222,59753,206975,5
490,Shortage,Tier1,buyer,buyer,true,147222,59753,206975,5
491,Shortage,Tier1,buyer,buyer,true,147222,59753,206975,5
492,Shortage,Tier1,buyer,buyer,true,147222,59753,206975,5
493,Shortage,Tier1,buyer,buyer,true,147222,59753,206975,5
494,Shortage,Tier1,buyer,buyer,true,147222,59753,206975,5
495,Shortage,Tier1,buyer,buyer,true,147222,59753,206975,5
496,Shortage,Tier1,buyer,buyer,true,147222,59753,206975,5
497,Shortage,Tier1,buyer,buyer,true,147222,59753,206975,5
498,Shortage,Tier1,buyer,buyer,true,147222,59753,206975,5
499,Shortage,Tier1,buyer,buyer,true,147222,59753,206975,5
500,Shortage,Tier1,buyer,buyer,true,147222,59753,206975,5
501,Shortage,Tier1,buyer,buyer,true,147222,59753,206975,5
502,Shortage,Tier1,buyer,buyer,true,147222,59753,206975,5
503,Shortage,Tier1,buyer,buyer,true,147222,59753,206975,5
504,Shortage,Tier1,buyer,buyer,true,147222,59753,206975,5
505,Shortage,Tier1,buyer,buyer,true,147222,59753,206975,5
506,Shortage,Tier1,buyer,buyer,true,147222,59753,206975,5
507,Shortage,Tier1,buyer,buyer,true,147222,59753,206975,5
508,Shortage,Tier1,buyer,buyer,true,147222,59753,206975,5
509,Shortage,Tier1,buyer,buyer,true,147222,59753,206975,5
510,Shortage,Tier1,buyer,buyer,true,147222,59753,206975,5
511,Shortage,Tier1,buyer,buyer,true,147222,59753,206975,5
512,Shortage,Tier1,buyer,buyer,true,147222,59741,206963,5
513,Shortage,Tier1,buyer,buyer,true,147222,59753,206975,5
514,Shortage,Tier1,buyer,buyer,true,147222,59753,206975,5
515,Shortage,Tier1,buyer,buyer,true,147222,59753,206975,5
516,Shortage,Tier1,buyer,buyer,true,147222,59753,206975,5
517,Shortage,Tier1,buyer,buyer,true,147222,59753,206975,5
518,Shortage,Tier1,buyer,buyer,true,147222,59753,206975,5
519,Shortage,Tier1,buyer,buyer,true,147222,59753,206975,5
520,Shortage,Tier1,buyer,buyer,true,147222,59753,206975,5
521,Shortage,Tier1,buyer,buyer,true,147222,59753,206975,5
522,Shortage,Tier1,buyer,buyer,true,147222,59753,206975,5
523,Shortage,Tier1,buyer,buyer,true,147222,59753,206975,5
524,Shortage,Tier1,buyer,buyer,true,147222,59753,206975,5
525,Shortage,Tier1,buyer,buyer,true,147222,59753,206975,5
526,Shortage,Tier1,buyer,buyer,true,147222,59753,206975,5
527,Shortage,Tier1,buyer,buyer,true,147222,59753,206975,5
528,Shortage,Tier1,buyer,buyer,true,147222,59753,206975,5
529,Shortage,Tier1,buyer,buyer,true,147222,59753,206975,5
530,Shortage,Tier1,buyer,buyer,true,147222,59753,206975,5
531,Shortage,Tier1,buyer,buyer,true,147222,59753,206975,5
532,Shortage,Tier1,buyer,buyer,true,147222,59753,206975,5
533,Shortage,Tier1,buyer,buyer,true,147222,59753,206975,5
534,Shortage,Tier1,buyer,buyer,true,147222,59753,206975,5
535,Shortage,Tier1,buyer,buyer,true,147222,59753,206975,5
536,Shortage,Tier1,buyer,buyer,true,147222,59753,206975,5
537,Shortage,Tier1,buyer,buyer,true,147222,59753,206975,5
538,Shortage,Tier1,buyer,buyer,true,147222,59753,206975,5
539,Shortage,Tier1,buyer,buyer,true,147222,59753,206975,5
540,Shortage,Tier1,buyer,buyer,true,147222,59753,206975,5
541,Shortage,Tier1,buyer,buyer,true,147222,59753,206975,5
542,Shortage,Tier1,buyer,buyer,true,147222,59753,206975,5
543,Shortage,Tier1,buyer,buyer,true,147222,59753,206975,5
544,Shortage,Tier1,buyer,buyer,true,147222,59753,206975,5
545,Shortage,Tier1,buyer,buyer,true,147222,59753,206975,5
546,Shortage,Tier1,buyer,buyer,true,147222,59753,206975,5
547,Shortage,Tier1,buyer,buyer,true,147222,59753,206975,5
548,Shortage,Tier1,buyer,buyer,true,147222,59753,206975,5
549,Shortage,Tier1,buyer,buyer,true,147222,59753,206975,5
550,Shortage,Tier1,buyer,buyer,true,147222,59753,206975,5
551,Shortage,Tier1,buyer,buyer,true,147222,59753,206975,5
552,Shortage,Tier1,buyer,buyer,true,147222,59753,206975,5
553,Shortage,Tier1,buyer,buyer,true,147222,59753,206975,5
554,Shortage,Tier1,buyer,buyer,true,147222,59753,206975,5
555,Shortage,Tier1,buyer,buyer,true,147222,59753,206975,5
556,Shortage,Tier1,buyer,buyer,true,147222,59753,206975,5
557,Shortage,Tier1,buyer,buyer,true,147222,59753,206975,5
558,Shortage,Tier1,buyer,buyer,true,147222,59753,206975,5
559,Shortage,Tier1,buyer,buyer,true,147222,59753,206975,5
560,Shortage,Tier1,buyer,buyer,true,147222,59753,206975,5
561,Shortage,Tier1,buyer,buyer,true,147222,59753,206975,5
562,Shortage,Tier1,buyer,buyer,true,147222,59753,206975,5
563,Shortage,Tier1,buyer,buyer,true,147222,59753,206975,5
564,Shortage,Tier1,buyer,buyer,true,147222,59753,206975,5
565,Shortage,Tier1,buyer,buyer,true,147222,59753,206975,5
566,Shortage,Tier1,buyer,buyer,true,147222,59753,206975,5
567,Shortage,Tier1,buyer,buyer,true,147222,59753,206975,5
568,Shortage,Tier1,buyer,buyer,true,147222,59753,206975,5
569,Shortage,Tier1,buyer,buyer,true,147222,59753,206975,5
570,Shortage,Tier1,buyer,buyer,true,147222,59753,206975,5
571,Shortage,Tier1,buyer,buyer,true,147222,59753,206975,5
572,Shortage,Tier1,buyer,buyer,true,147222,59753,206975,5
573,Shortage,Tier1,buyer,buyer,true,147222,59753,206975,5
574,Shortage,Tier1,buyer,buyer,true,147222,59753,206975,5
575,Shortage,Tier1,buyer,buyer,true,147222,59753,206975,5
576,Shortage,Tier1,buyer,buyer,true,147222,59753,206975,5
577,Shortage,Tier1,buyer,buyer,true,147222,59753,206975,5
578,Shortage,Tier1,buyer,buyer,true,147222,59753,206975,5
579,Shortage,Tier1,buyer,buyer,true,147222,59753,206975,5
580,Shortage,Tier1,buyer,buyer,true,147222,59753,206975,5
581,Shortage,Tier1,buyer,buyer,true,147222,59753,206975,5
582,Shortage,Tier1,buyer,buyer,true,147222,59753,206975,5
583,Shortage,Tier1,buyer,buyer,true,147222,59753,206975,5
584,Shortage,Tier1,buyer,buyer,true,147222,59753,206975,5
585,Shortage,Tier1,buyer,buyer,true,147222,59753,206975,5
586,Shortage,Tier1,buyer,buyer,true,147222,59753,206975,5
587,Shortage,Tier1,buyer,buyer,true,147222,59753,206975,5
588,Shortage,Tier1,buyer,buyer,true,147222,59753,206975,5
589,Shortage,Tier1,buyer,buyer,true,147222,59753,206975,5
590,Shortage,Tier1,buyer,buyer,true,147222,59753,206975,5
591,Shortage,Tier1,buyer,buyer,true,147222,59753,206975,5
592,Shortage,Tier1,buyer,buyer,true,147222,59753,206975,5
593,Shortage,Tier1,buyer,buyer,true,147222,59753,206975,5
594,Shortage,Tier1,buyer,buyer,true,147222,59753,206975,5
595,Shortage,Tier1,buyer,buyer,true,147222,59753,206975,5
596,Shortage,Tier1,buyer,buyer,true,147222,59753,206975,5
597,Shortage,Tier1,buyer,buyer,true,147222,59753,206975,5
598,Shortage,Tier1,buyer,buyer,true,147222,59753,206975,5
599,Shortage,Tier1,buyer,buyer,true,147222,59753,206975,5
600,Shortage,Tier1,buyer,buyer,true,147222,59753,206975,5
601,Damage,Tier2,buyer,buyer,true,147222,33832,181054,12
602,Damage,Tier2,buyer,buyer,true,147222,33832,181054,12
603,Damage,Tier2,buyer,buyer,true,147222,33832,181054,12
604,Damage,Tier2,buyer,buyer,true,147222,33832,181054,12
605,Damage,Tier2,buyer,buyer,true,147222,33832,181054,12
606,Damage,Tier2,buyer,buyer,true,147222,33832,181054,12
607,Damage,Tier2,buyer,buyer,true,147222,33832,181054,12
608,Damage,Tier2,buyer,buyer,true,147222,33832,181054,12
609,Damage,Tier2,buyer,buyer,true,147222,33832,181054,12
610,Damage,Tier2,buyer,buyer,true,147222,33832,181054,12
611,Damage,Tier2,buyer,buyer,true,147222,33832,181054,12
612,Damage,Tier2,buyer,buyer,true,147222,33832,181054,12
613,Damage,Tier2,buyer,buyer,true,147222,33832,181054,12
614,Damage,Tier2,buyer,buyer,true,147222,33832,181054,12
615,Damage,Tier2,buyer,buyer,true,147222,33832,181054,12
616,Damage,Tier2,buyer,buyer,true,147222,33832,181054,12
617,Damage,Tier2,buyer,buyer,true,147222,33832,181054,12
618,Damage,Tier2,buyer,buyer,true,147222,33832,181054,12
619,Damage,Tier2,buyer,buyer,true,147222,33832,181054,12
620,Damage,Tier2,buyer,buyer,true,147222,33832,181054,12
621,Damage,Tier2,buyer,buyer,true,147222,33832,181054,12
622,Damage,Tier2,buyer,buyer,true,147222,33832,181054,12
623,Damage,Tier2,buyer,buyer,true,147222,33832,181054,12
624,Damage,Tier2,buyer,buyer,true,147222,33832,181054,12
625,Damage,Tier2,buyer,buyer,true,147222,33832,181054,12
626,Damage,Tier2,buyer,buyer,true,147222,33832,181054,12
627,Damage,Tier2,buyer,buyer,true,147222,33832,181054,12
628,Damage,Tier2,buyer,buyer,true,147222,33832,181054,12
629,Damage,Tier2,buyer,buyer,true,147222,33832,181054,12
630,Damage,Tier2,buyer,buyer,true,147222,33832,181054,12
631,Damage,Tier2,buyer,buyer,true,147222,33832,181054,12
632,Damage,Tier2,buyer,buyer,true,147222,33832,181054,12
633,Damage,Tier2,buyer,buyer,true,147222,33832,181054,12
634,Damage,Tier2,buyer,buyer,true,147222,33832,181054,12
635,Damage,Tier2,buyer,buyer,true,147222,33832,181054,12
636,Damage,Tier2,buyer,buyer,true,147222,33832,181054,12
637,Damage,Tier2,buyer,buyer,true,147222,33832,181054,12
638,Damage,Tier2,buyer,buyer,true,147222,33832,181054,12
639,Damage,Tier2,buyer,buyer,true,147222,33832,181054,12
640,Damage,Tier2,buyer,buyer,true,147222,33832,181054,12
641,Damage,Tier2,buyer,buyer,true,147222,33832,181054,12
642,Damage,Tier2,buyer,buyer,true,147222,33832,181054,12
643,Damage,Tier2,buyer,buyer,true,147222,33832,181054,12
644,Damage,Tier2,buyer,buyer,true,147222,33832,181054,12
645,Damage,Tier2,buyer,buyer,true,147222,33832,181054,12
646,Damage,Tier2,buyer,buyer,true,147222,33832,181054,12
647,Damage,Tier2,buyer,buyer,true,147222,33832,181054,12
648,Damage,Tier2,buyer,buyer,true,147222,33832,181054,12
649,Damage,Tier2,buyer,buyer,true,147222,33832,181054,12
650,Damage,Tier2,buyer,buyer,true,147222,33832,181054,12
651,Damage,Tier2,buyer,buyer,true,147222,33832,181054,12
652,Damage,Tier2,buyer,buyer,true,147222,33832,181054,12
653,Damage,Tier2,buyer,buyer,true,147222,33832,181054,12
654,Damage,Tier2,buyer,buyer,true,147222,33832,181054,12
655,Damage,Tier2,buyer,buyer,true,147222,33832,181054,12
656,Damage,Tier2,buyer,buyer,true,147222,33832,181054,12
657,Damage,Tier2,buyer,buyer,true,147222,33832,181054,12
658,Damage,Tier2,buyer,buyer,true,147222,33832,181054,12
659,Damage,Tier2,buyer,buyer,true,147222,33832,181054,12
660,Damage,Tier2,buyer,buyer,true,147222,33832,181054,12
661,Damage,Tier2,buyer,buyer,true,147222,33832,181054,12
662,Damage,Tier2,buyer,buyer,true,147222,33832,181054,12
663,Damage,Tier2,buyer,buyer,true,147222,33832,181054,12
664,Damage,Tier2,buyer,buyer,true,147222,33832,181054,12
665,Damage,Tier2,buyer,buyer,true,147222,33832,181054,12
666,Damage,Tier2,buyer,buyer,true,147222,33832,181054,12
667,Damage,Tier2,buyer,buyer,true,147222,33832,181054,12
668,Damage,Tier2,buyer,buyer,true,147222,33832,181054,12
669,Damage,Tier2,buyer,buyer,true,147222,33832,181054,12
670,Damage,Tier2,buyer,buyer,true,147222,33832,181054,12
671,Damage,Tier2,buyer,buyer,true,147222,33832,181054,12
672,Damage,Tier2,buyer,buyer,true,147222,33832,181054,12
673,Damage,Tier2,buyer,buyer,true,147222,33832,181054,12
674,Damage,Tier2,buyer,buyer,true,147222,33832,181054,12
675,Damage,Tier2,buyer,buyer,true,147222,33832,181054,12
676,Damage,Tier2,buyer,buyer,true,147222,33832,181054,12
677,Damage,Tier2,buyer,buyer,true,147222,33832,181054,12
678,Damage,Tier2,buyer,buyer,true,147222,33832,181054,12
679,Damage,Tier2,buyer,buyer,true,147222,33832,181054,12
680,Damage,Tier2,buyer,buyer,true,147222,33832,181054,12
681,Damage,Tier2,buyer,buyer,true,147222,33832,181054,12
682,Damage,Tier2,buyer,buyer,true,147222,33832,181054,12
683,Damage,Tier2,buyer,buyer,true,147222,33832,181054,12
684,Damage,Tier2,buyer,buyer,true,147222,33832,181054,12
685,Damage,Tier2,buyer,buyer,true,147222,33832,181054,12
686,Damage,Tier2,buyer,buyer,true,147222,33832,181054,12
687,Damage,Tier2,buyer,buyer,true,147222,33832,181054,12
688,Damage,Tier2,buyer,buyer,true,147222,33832,181054,12
689,Damage,Tier2,buyer,buyer,true,147222,33832,181054,12
690,Damage,Tier2,buyer,buyer,true,147222,33832,181054,12
691,Damage,Tier2,buyer,buyer,true,147222,33832,181054,12
692,Damage,Tier2,buyer,buyer,true,147222,33832,181054,12
693,Damage,Tier2,buyer,buyer,true,147222,33832,181054,12
694,Damage,Tier2,buyer,buyer,true,147222,33832,181054,12
695,Damage,Tier2,buyer,buyer,true,147222,33832,181054,12
696,Damage,Tier2,buyer,buyer,true,147222,33832,181054,12
697,Damage,Tier2,buyer,buyer,true,147222,33832,181054,12
698,Damage,Tier2,buyer,buyer,true,147222,33832,181054,12
699,Damage,Tier2,buyer,buyer,true,147222,33832,181054,12
700,Damage,Tier2,buyer,buyer,true,147222,33832,181054,12
701,Damage,Tier2,buyer,buyer,true,147222,33832,181054,12
702,Damage,Tier2,buyer,buyer,true,147222,33832,181054,12
703,Damage,Tier2,buyer,buyer,true,147222,33832,181054,12
704,Damage,Tier2,buyer,buyer,true,147222,33832,181054,12
705,Damage,Tier2,buyer,buyer,true,147222,33832,181054,12
706,Damage,Tier2,buyer,buyer,true,147222,33832,181054,12
707,Damage,Tier2,buyer,buyer,true,147222,33832,181054,12
708,Damage,Tier2,buyer,buyer,true,147222,33832,181054,12
709,Damage,Tier2,buyer,buyer,true,147222,33832,181054,12
710,Damage,Tier2,buyer,buyer,true,147222,33832,181054,12
711,Damage,Tier2,buyer,buyer,true,147222,33832,181054,12
712,Damage,Tier2,buyer,buyer,true,147222,33832,181054,12
713,Damage,Tier2,buyer,buyer,true,147222,33832,181054,12
714,Damage,Tier2,buyer,buyer,true,147222,33832,181054,12
715,Damage,Tier2,buyer,buyer,true,147222,33832,181054,12
716,Damage,Tier2,buyer,buyer,true,147222,33832,181054,12
717,Damage,Tier2,buyer,buyer,true,147222,33832,181054,12
718,Damage,Tier2,buyer,buyer,true,147222,33832,181054,12
719,Damage,Tier2,buyer,buyer,true,147222,33832,181054,12
720,Damage,Tier2,buyer,buyer,true,147222,33832,181054,12
721,Damage,Tier2,buyer,buyer,true,147222,33832,181054,12
722,Damage,Tier2,buyer,buyer,true,147222,33832,181054,12
723,Damage,Tier2,buyer,buyer,true,147222,33832,181054,12
724,Damage,Tier2,buyer,buyer,true,147222,33832,181054,12
725,Damage,Tier2,buyer,buyer,true,147222,33832,181054,12
726,Damage,Tier2,buyer,buyer,true,147222,33832,181054,12
727,Damage,Tier2,buyer,buyer,true,147222,33832,181054,12
728,Damage,Tier2,buyer,buyer,true,147222,33832,181054,12
729,Damage,Tier2,buyer,buyer,true,147222,33832,181054,12
730,Damage,Tier2,buyer,buyer,true,147222,33832,181054,12
731,Damage,Tier2,buyer,buyer,true,147222,33832,181054,12
732,Damage,Tier2,buyer,buyer,true,147222,33832,181054,12
733,Damage,Tier2,buyer,buyer,true,147222,33832,181054,12
734,Damage,Tier2,buyer,buyer,true,147222,33832,181054,12
735,Damage,Tier2,buyer,buyer,true,147222,33832,181054,12
736,Damage,Tier2,buyer,buyer,true,147222,33832,181054,12
737,Damage,Tier2,buyer,buyer,true,147222,33832,181054,12
738,Damage,Tier2,buyer,buyer,true,147222,33832,181054,12
739,Damage,Tier2,buyer,buyer,true,147222,33832,181054,12
740,Damage,Tier2,buyer,buyer,true,147222,33832,181054,12
741,Damage,Tier2,buyer,buyer,true,147222,33832,181054,12
742,Damage,Tier2,buyer,buyer,true,147222,33832,181054,12
743,Damage,Tier2,buyer,buyer,true,147222,33832,181054,12
744,Damage,Tier2,buyer,buyer,true,147222,33832,181054,12
745,Damage,Tier2,buyer,buyer,true,147222,33832,181054,12
746,Damage,Tier2,buyer,buyer,true,147222,33832,181054,12
747,Damage,Tier2,buyer,buyer,true,147222,33832,181054,12
748,Damage,Tier2,buyer,buyer,true,147222,33832,181054,12
749,Damage,Tier2,buyer,buyer,true,147222,33832,181054,12
750,Damage,Tier2,buyer,buyer,true,147222,33832,181054,12
751,Damage,Tier2,buyer,buyer,true,147222,33832,181054,12
752,Damage,Tier2,buyer,buyer,true,147222,33832,181054,12
753,Damage,Tier2,buyer,buyer,true,147222,33832,181054,12
754,Damage,Tier2,buyer,buyer,true,147222,33832,181054,12
755,Damage,Tier2,buyer,buyer,true,147222,33832,181054,12
756,Damage,Tier2,buyer,buyer,true,147222,33832,181054,12
757,Damage,Tier2,buyer,buyer,true,147222,33832,181054,12
758,Damage,Tier2,buyer,buyer,true,147222,33832,181054,12
759,Damage,Tier2,buyer,buyer,true,147222,33832,181054,12
760,Damage,Tier2,buyer,buyer,true,147222,33832,181054,12
761,Damage,Tier2,buyer,buyer,true,147222,33832,181054,12
762,Damage,Tier2,buyer,buyer,true,147222,33832,181054,12
763,Damage,Tier2,buyer,buyer,true,147222,33832,181054,12
764,Damage,Tier2,buyer,buyer,true,147222,33832,181054,12
765,Damage,Tier2,buyer,buyer,true,147222,33832,181054,12
766,Damage,Tier2,buyer,buyer,true,147222,33832,181054,12
767,Damage,Tier2,buyer,buyer,true,147222,33832,181054,12
768,Damage,Tier2,buyer,buyer,true,147222,33820,181042,12
769,Damage,Tier2,buyer,buyer,true,147222,33832,181054,12
770,Damage,Tier2,buyer,buyer,true,147222,33832,181054,12
771,Damage,Tier2,buyer,buyer,true,147222,33832,181054,12
772,Damage,Tier2,buyer,buyer,true,147222,33832,181054,12
773,Damage,Tier2,buyer,buyer,true,147222,33832,181054,12
774,Damage,Tier2,buyer,buyer,true,147222,33832,181054,12
775,Damage,Tier2,buyer,buyer,true,147222,33832,181054,12
776,Damage,Tier2,buyer,buyer,true,147222,33832,181054,12
777,Damage,Tier2,buyer,buyer,true,147222,33832,181054,12
778,Damage,Tier2,buyer,buyer,true,147222,33832,181054,12
779,Damage,Tier2,buyer,buyer,true,147222,33832,181054,12
780,Damage,Tier2,buyer,buyer,true,147222,33832,181054,12
781,Damage,Tier2,buyer,buyer,true,147222,33832,181054,12
782,Damage,Tier2,buyer,buyer,true,147222,33832,181054,12
783,Damage,Tier2,buyer,buyer,true,147222,33832,181054,12
784,Damage,Tier2,buyer,buyer,true,147222,33832,181054,12
785,Damage,Tier2,buyer,buyer,true,147222,33832,181054,12
786,Damage,Tier2,buyer,buyer,true,147222,33832,181054,12
787,Damage,Tier2,buyer,buyer,true,147222,33832,181054,12
788,Damage,Tier2,buyer,buyer,true,147222,33832,181054,12
789,Damage,Tier2,buyer,buyer,true,147222,33832,181054,12
790,Damage,Tier2,buyer,buyer,true,147222,33832,181054,12
791,Damage,Tier2,buyer,buyer,true,147222,33832,181054,12
792,Damage,Tier2,buyer,buyer,true,147222,33832,181054,12
793,Damage,Tier2,buyer,buyer,true,147222,33832,181054,12
794,Damage,Tier2,buyer,buyer,true,147222,33832,181054,12
795,Damage,Tier2,buyer,buyer,true,147222,33832,181054,12
796,Damage,Tier2,buyer,buyer,true,147222,33832,181054,12
797,Damage,Tier2,buyer,buyer,true,147222,33832,181054,12
798,Damage,Tier2,buyer,buyer,true,147222,33832,181054,12
799,Damage,Tier2,buyer,buyer,true,147222,33832,181054,12
800,Damage,Tier2,buyer,buyer,true,147222,33832,181054,12
801,PaymentDelay,Tier1,seller,seller,true,147222,59676,206898,5
802,PaymentDelay,Tier1,seller,seller,true,147222,59676,206898,5
803,PaymentDelay,Tier1,seller,seller,true,147222,59676,206898,5
804,PaymentDelay,Tier1,seller,seller,true,147222,59676,206898,5
805,PaymentDelay,Tier1,seller,seller,true,147222,59676,206898,5
806,PaymentDelay,Tier1,seller,seller,true,147222,59676,206898,5
807,PaymentDelay,Tier1,seller,seller,true,147222,59676,206898,5
808,PaymentDelay,Tier1,seller,seller,true,147222,59676,206898,5
809,PaymentDelay,Tier1,seller,seller,true,147222,59676,206898,5
810,PaymentDelay,Tier1,seller,seller,true,147222,59676,206898,5
811,PaymentDelay,Tier1,seller,seller,true,147222,59676,206898,5
812,PaymentDelay,Tier1,seller,seller,true,147222,59676,206898,5
813,PaymentDelay,Tier1,seller,seller,true,147222,59676,206898,5
814,PaymentDelay,Tier1,seller,seller,true,147222,59676,206898,5
815,PaymentDelay,Tier1,seller,seller,true,147222,59676,206898,5
816,PaymentDelay,Tier1,seller,seller,true,147222,59676,206898,5
817,PaymentDelay,Tier1,seller,seller,true,147222,59676,206898,5
818,PaymentDelay,Tier1,seller,seller,true,147222,59676,206898,5
819,PaymentDelay,Tier1,seller,seller,true,147222,59676,206898,5
820,PaymentDelay,Tier1,seller,seller,true,147222,59676,206898,5
821,PaymentDelay,Tier1,seller,seller,true,147222,59676,206898,5
822,PaymentDelay,Tier1,seller,seller,true,147222,59676,206898,5
823,PaymentDelay,Tier1,seller,seller,true,147222,59676,206898,5
824,PaymentDelay,Tier1,seller,seller,true,147222,59676,206898,5
825,PaymentDelay,Tier1,seller,seller,true,147222,59676,206898,5
826,PaymentDelay,Tier1,seller,seller,true,147222,59676,206898,5
827,PaymentDelay,Tier1,seller,seller,true,147222,59676,206898,5
828,PaymentDelay,Tier1,seller,seller,true,147222,59676,206898,5
829,PaymentDelay,Tier1,seller,seller,true,147222,59676,206898,5
830,PaymentDelay,Tier1,seller,seller,true,147222,59676,206898,5
831,PaymentDelay,Tier1,seller,seller,true,147222,59676,206898,5
832,PaymentDelay,Tier1,seller,seller,true,147222,59676,206898,5
833,PaymentDelay,Tier1,seller,seller,true,147222,59676,206898,5
834,PaymentDelay,Tier1,seller,seller,true,147222,59676,206898,5
835,PaymentDelay,Tier1,seller,seller,true,147222,59676,206898,5
836,PaymentDelay,Tier1,seller,seller,true,147222,59676,206898,5
837,PaymentDelay,Tier1,seller,seller,true,147222,59676,206898,5
838,PaymentDelay,Tier1,seller,seller,true,147222,59676,206898,5
839,PaymentDelay,Tier1,seller,seller,true,147222,59676,206898,5
840,PaymentDelay,Tier1,seller,seller,true,147222,59676,206898,5
841,PaymentDelay,Tier1,seller,seller,true,147222,59676,206898,5
842,PaymentDelay,Tier1,seller,seller,true,147222,59676,206898,5
843,PaymentDelay,Tier1,seller,seller,true,147222,59676,206898,5
844,PaymentDelay,Tier1,seller,seller,true,147222,59676,206898,5
845,PaymentDelay,Tier1,seller,seller,true,147222,59676,206898,5
846,PaymentDelay,Tier1,seller,seller,true,147222,59676,206898,5
847,PaymentDelay,Tier1,seller,seller,true,147222,59676,206898,5
848,PaymentDelay,Tier1,seller,seller,true,147222,59676,206898,5
849,PaymentDelay,Tier1,seller,seller,true,147222,59676,206898,5
850,PaymentDelay,Tier1,seller,seller,true,147222,59676,206898,5
851,PaymentDelay,Tier1,seller,seller,true,147222,59676,206898,5
852,PaymentDelay,Tier1,seller,seller,true,147222,59676,206898,5
853,PaymentDelay,Tier1,seller,seller,true,147222,59676,206898,5
854,PaymentDelay,Tier1,seller,seller,true,147222,59676,206898,5
855,PaymentDelay,Tier1,seller,seller,true,147222,59676,206898,5
856,PaymentDelay,Tier1,seller,seller,true,147222,59676,206898,5
857,PaymentDelay,Tier1,seller,seller,true,147222,59676,206898,5
858,PaymentDelay,Tier1,seller,seller,true,147222,59676,206898,5
859,PaymentDelay,Tier1,seller,seller,true,147222,59676,206898,5
860,PaymentDelay,Tier1,seller,seller,true,147222,59676,206898,5
861,PaymentDelay,Tier1,seller,seller,true,147222,59676,206898,5
862,PaymentDelay,Tier1,seller,seller,true,147222,59676,206898,5
863,PaymentDelay,Tier1,seller,seller,true,147222,59676,206898,5
864,PaymentDelay,Tier1,seller,seller,true,147222,59676,206898,5
865,PaymentDelay,Tier1,seller,seller,true,147222,59676,206898,5
866,PaymentDelay,Tier1,seller,seller,true,147222,59676,206898,5
867,PaymentDelay,Tier1,seller,seller,true,147222,59676,206898,5
868,PaymentDelay,Tier1,seller,seller,true,147222,59676,206898,5
869,PaymentDelay,Tier1,seller,seller,true,147222,59676,206898,5
870,PaymentDelay,Tier1,seller,seller,true,147222,59676,206898,5
871,PaymentDelay,Tier1,seller,seller,true,147222,59676,206898,5
872,PaymentDelay,Tier1,seller,seller,true,147222,59676,206898,5
873,PaymentDelay,Tier1,seller,seller,true,147222,59676,206898,5
874,PaymentDelay,Tier1,seller,seller,true,147222,59676,206898,5
875,PaymentDelay,Tier1,seller,seller,true,147222,59676,206898,5
876,PaymentDelay,Tier1,seller,seller,true,147222,59676,206898,5
877,PaymentDelay,Tier1,seller,seller,true,147222,59676,206898,5
878,PaymentDelay,Tier1,seller,seller,true,147222,59676,206898,5
879,PaymentDelay,Tier1,seller,seller,true,147222,59676,206898,5
880,PaymentDelay,Tier1,seller,seller,true,147222,59676,206898,5
881,PaymentDelay,Tier1,seller,seller,true,147222,59676,206898,5
882,PaymentDelay,Tier1,seller,seller,true,147222,59676,206898,5
883,PaymentDelay,Tier1,seller,seller,true,147222,59676,206898,5
884,PaymentDelay,Tier1,seller,seller,true,147222,59676,206898,5
885,PaymentDelay,Tier1,seller,seller,true,147222,59676,206898,5
886,PaymentDelay,Tier1,seller,seller,true,147222,59676,206898,5
887,PaymentDelay,Tier1,seller,seller,true,147222,59676,206898,5
888,PaymentDelay,Tier1,seller,seller,true,147222,59676,206898,5
889,PaymentDelay,Tier1,seller,seller,true,147222,59676,206898,5
890,PaymentDelay,Tier1,seller,seller,true,147222,59676,206898,5
891,PaymentDelay,Tier1,seller,seller,true,147222,59676,206898,5
892,PaymentDelay,Tier1,seller,seller,true,147222,59676,206898,5
893,PaymentDelay,Tier1,seller,seller,true,147222,59676,206898,5
894,PaymentDelay,Tier1,seller,seller,true,147222,59676,206898,5
895,PaymentDelay,Tier1,seller,seller,true,147222,59676,206898,5
896,PaymentDelay,Tier1,seller,seller,true,147222,59676,206898,5
897,PaymentDelay,Tier1,seller,seller,true,147222,59676,206898,5
898,PaymentDelay,Tier1,seller,seller,true,147222,59676,206898,5
899,PaymentDelay,Tier1,seller,seller,true,147222,59676,206898,5
900,PaymentDelay,Tier1,seller,seller,true,147222,59676,206898,5
901,PaymentDelay,Tier1,seller,seller,true,147222,59676,206898,5
902,PaymentDelay,Tier1,seller,seller,true,147222,59676,206898,5
903,PaymentDelay,Tier1,seller,seller,true,147222,59676,206898,5
904,PaymentDelay,Tier1,seller,seller,true,147222,59676,206898,5
905,PaymentDelay,Tier1,seller,seller,true,147222,59676,206898,5
906,PaymentDelay,Tier1,seller,seller,true,147222,59676,206898,5
907,PaymentDelay,Tier1,seller,seller,true,147222,59676,206898,5
908,PaymentDelay,Tier1,seller,seller,true,147222,59676,206898,5
909,PaymentDelay,Tier1,seller,seller,true,147222,59676,206898,5
910,PaymentDelay,Tier1,seller,seller,true,147222,59676,206898,5
911,PaymentDelay,Tier1,seller,seller,true,147222,59676,206898,5
912,PaymentDelay,Tier1,seller,seller,true,147222,59676,206898,5
913,PaymentDelay,Tier1,seller,seller,true,147222,59676,206898,5
914,PaymentDelay,Tier1,seller,seller,true,147222,59676,206898,5
915,PaymentDelay,Tier1,seller,seller,true,147222,59676,206898,5
916,PaymentDelay,Tier1,seller,seller,true,147222,59676,206898,5
917,PaymentDelay,Tier1,seller,seller,true,147222,59676,206898,5
918,PaymentDelay,Tier1,seller,seller,true,147222,59676,206898,5
919,PaymentDelay,Tier1,seller,seller,true,147222,59676,206898,5
920,PaymentDelay,Tier1,seller,seller,true,147222,59676,206898,5
921,PaymentDelay,Tier1,seller,seller,true,147222,59676,206898,5
922,PaymentDelay,Tier1,seller,seller,true,147222,59676,206898,5
923,PaymentDelay,Tier1,seller,seller,true,147222,59676,206898,5
924,PaymentDelay,Tier1,seller,seller,true,147222,59676,206898,5
925,PaymentDelay,Tier1,seller,seller,true,147222,59676,206898,5
926,PaymentDelay,Tier1,seller,seller,true,147222,59676,206898,5
927,PaymentDelay,Tier1,seller,seller,true,147222,59676,206898,5
928,PaymentDelay,Tier1,seller,seller,true,147222,59676,206898,5
929,PaymentDelay,Tier1,seller,seller,true,147222,59676,206898,5
930,PaymentDelay,Tier1,seller,seller,true,147222,59676,206898,5
931,PaymentDelay,Tier1,seller,seller,true,147222,59676,206898,5
932,PaymentDelay,Tier1,seller,seller,true,147222,59676,206898,5
933,PaymentDelay,Tier1,seller,seller,true,147222,59676,206898,5
934,PaymentDelay,Tier1,seller,seller,true,147222,59676,206898,5
935,PaymentDelay,Tier1,seller,seller,true,147222,59676,206898,5
936,PaymentDelay,Tier1,seller,seller,true,147222,59676,206898,5
937,PaymentDelay,Tier1,seller,seller,true,147222,59676,206898,5
938,PaymentDelay,Tier1,seller,seller,true,147222,59676,206898,5
939,PaymentDelay,Tier1,seller,seller,true,147222,59676,206898,5
940,PaymentDelay,Tier1,seller,seller,true,147222,59676,206898,5
941,PaymentDelay,Tier1,seller,seller,true,147222,59676,206898,5
942,PaymentDelay,Tier1,seller,seller,true,147222,59676,206898,5
943,PaymentDelay,Tier1,seller,seller,true,147222,59676,206898,5
944,PaymentDelay,Tier1,seller,seller,true,147222,59676,206898,5
945,PaymentDelay,Tier1,seller,seller,true,147222,59676,206898,5
946,PaymentDelay,Tier1,seller,seller,true,147222,59676,206898,5
947,PaymentDelay,Tier1,seller,seller,true,147222,59676,206898,5
948,PaymentDelay,Tier1,seller,seller,true,147222,59676,206898,5
949,PaymentDelay,Tier1,seller,seller,true,147222,59676,206898,5
950,PaymentDelay,Tier1,seller,seller,true,147222,59676,206898,5
951,PaymentDelay,Tier1,seller,seller,true,147222,59676,206898,5
952,PaymentDelay,Tier1,seller,seller,true,147222,59676,206898,5
953,PaymentDelay,Tier1,seller,seller,true,147222,59676,206898,5
954,PaymentDelay,Tier1,seller,seller,true,147222,59676,206898,5
955,PaymentDelay,Tier1,seller,seller,true,147222,59676,206898,5
956,PaymentDelay,Tier1,seller,seller,true,147222,59676,206898,5
957,PaymentDelay,Tier1,seller,seller,true,147222,59676,206898,5
958,PaymentDelay,Tier1,seller,seller,true,147222,59676,206898,5
959,PaymentDelay,Tier1,seller,seller,true,147222,59676,206898,5
960,PaymentDelay,Tier1,seller,seller,true,147222,59676,206898,5
961,PaymentDelay,Tier1,seller,seller,true,147222,59676,206898,5
962,PaymentDelay,Tier1,seller,seller,true,147222,59676,206898,5
963,PaymentDelay,Tier1,seller,seller,true,147222,59676,206898,5
964,PaymentDelay,Tier1,seller,seller,true,147222,59676,206898,5
965,PaymentDelay,Tier1,seller,seller,true,147222,59676,206898,5
966,PaymentDelay,Tier1,seller,seller,true,147222,59676,206898,5
967,PaymentDelay,Tier1,seller,seller,true,147222,59676,206898,5
968,PaymentDelay,Tier1,seller,seller,true,147222,59676,206898,5
969,PaymentDelay,Tier1,seller,seller,true,147222,59676,206898,5
970,PaymentDelay,Tier1,seller,seller,true,147222,59676,206898,5
971,PaymentDelay,Tier1,seller,seller,true,147222,59676,206898,5
972,PaymentDelay,Tier1,seller,seller,true,147222,59676,206898,5
973,PaymentDelay,Tier1,seller,seller,true,147222,59676,206898,5
974,PaymentDelay,Tier1,seller,seller,true,147222,59676,206898,5
975,PaymentDelay,Tier1,seller,seller,true,147222,59676,206898,5
976,PaymentDelay,Tier1,seller,seller,true,147222,59676,206898,5
977,PaymentDelay,Tier1,seller,seller,true,147222,59676,206898,5
978,PaymentDelay,Tier1,seller,seller,true,147222,59676,206898,5
979,PaymentDelay,Tier1,seller,seller,true,147222,59676,206898,5
980,PaymentDelay,Tier1,seller,seller,true,147222,59676,206898,5
981,PaymentDelay,Tier1,seller,seller,true,147222,59676,206898,5
982,PaymentDelay,Tier1,seller,seller,true,147222,59676,206898,5
983,PaymentDelay,Tier1,seller,seller,true,147222,59676,206898,5
984,PaymentDelay,Tier1,seller,seller,true,147222,59676,206898,5
985,PaymentDelay,Tier1,seller,seller,true,147222,59676,206898,5
986,PaymentDelay,Tier1,seller,seller,true,147222,59676,206898,5
987,PaymentDelay,Tier1,seller,seller,true,147222,59676,206898,5
988,PaymentDelay,Tier1,seller,seller,true,147222,59676,206898,5
989,PaymentDelay,Tier1,seller,seller,true,147222,59676,206898,5
990,PaymentDelay,Tier1,seller,seller,true,147222,59676,206898,5
991,PaymentDelay,Tier1,seller,seller,true,147222,59676,206898,5
992,PaymentDelay,Tier1,seller,seller,true,147222,59676,206898,5
993,PaymentDelay,Tier1,seller,seller,true,147222,59676,206898,5
994,PaymentDelay,Tier1,seller,seller,true,147222,59676,206898,5
995,PaymentDelay,Tier1,seller,seller,true,147222,59676,206898,5
996,PaymentDelay,Tier1,seller,seller,true,147222,59676,206898,5
997,PaymentDelay,Tier1,seller,seller,true,147222,59676,206898,5
998,PaymentDelay,Tier1,seller,seller,true,147222,59676,206898,5
999,PaymentDelay,Tier1,seller,seller,true,147222,59676,206898,5
1000,PaymentDelay,Tier1,seller,seller,true,147222,59676,206898,5