disputeId,type,tier,expectedWinner,actualWinner,correct,tier2Winner,tier2Correct,openGas,resolveGas,enforceGas,totalGas,configuredWindowMinutes,arbitratorCount,expertCount,appealed
1,2,2,1,1,Yes,1,Yes,318199,845273,33086,1196558,2880,3,0,No
2,0,1,2,2,Yes,,,281187,57945,32937,372069,0,0,0,No
3,4,1,2,2,Yes,,,301099,60324,32937,394360,0,0,0,No
4,4,1,2,2,Yes,,,301099,60324,32937,394360,0,0,0,No
5,0,1,2,2,Yes,,,281187,57945,32937,372069,0,0,0,No
6,2,3,2,2,Yes,2,Yes,301099,2284634,33235,2618968,5760,3,5,Yes
7,3,2,2,2,Yes,2,Yes,301099,828220,33086,1162405,2880,3,0,No
8,3,2,1,1,Yes,1,Yes,301099,852042,33086,1186227,2880,3,0,No
9,2,2,1,1,Yes,1,Yes,301099,834942,33086,1169127,2880,3,0,No
10,4,1,2,2,Yes,,,301099,60324,32937,394360,0,0,0,No
11,0,1,1,1,Yes,,,281187,60314,32937,374438,0,0,0,No
12,0,1,2,2,Yes,,,281187,57945,32937,372069,0,0,0,No
13,2,2,2,1,No,1,No,301099,828173,33086,1162358,2880,3,0,No
14,4,1,2,2,Yes,,,301099,60324,32937,394360,0,0,0,No
15,0,1,1,1,Yes,,,281187,60314,32937,374438,0,0,0,No
16,1,1,2,2,Yes,,,301099,58111,32937,392147,0,0,0,No
17,4,1,1,1,Yes,,,301099,57955,32937,391991,0,0,0,No
18,4,1,1,1,Yes,,,301099,57955,32937,391991,0,0,0,No
19,0,1,2,2,Yes,,,281187,57945,32937,372069,0,0,0,No
20,3,2,1,2,No,2,No,301099,811120,33086,1145305,2880,3,0,No
21,2,3,1,1,Yes,1,Yes,301099,2181679,33235,2516013,5760,3,5,Yes
22,1,1,2,2,Yes,,,301099,58111,32937,392147,0,0,0,No
23,0,1,1,1,Yes,,,281187,60314,32937,374438,0,0,0,No
24,2,2,1,1,Yes,1,Yes,301099,828173,33086,1162358,2880,3,0,No
25,3,2,1,1,Yes,1,Yes,301099,811073,33086,1145258,2880,3,0,No
26,0,1,1,1,Yes,,,281187,60314,32937,374438,0,0,0,No
27,0,1,2,2,Yes,,,281187,57945,32937,372069,0,0,0,No
28,1,1,1,1,Yes,,,301099,60480,32937,394516,0,0,0,No
29,2,3,2,2,Yes,2,Yes,301099,2171731,33235,2506065,5760,3,5,Yes
30,4,1,2,2,Yes,,,301099,60324,32937,394360,0,0,0,No
31,2,2,1,1,Yes,1,Yes,301099,817842,33086,1152027,2880,3,0,No
32,0,1,1,1,Yes,,,281187,60314,32937,374438,0,0,0,No
33,1,1,1,1,Yes,,,301099,60480,32937,394516,0,0,0,No
34,0,1,2,2,Yes,,,281187,57945,32937,372069,0,0,0,No
35,2,3,2,2,Yes,2,Yes,301099,2171731,33235,2506065,5760,3,5,Yes
36,1,1,2,2,Yes,,,301099,58111,32937,392147,0,0,0,No
37,1,1,1,1,Yes,,,301099,60480,32937,394516,0,0,0,No
38,2,3,2,2,Yes,2,Yes,301099,2171731,33235,2506065,5760,3,5,Yes
39,1,1,1,1,Yes,,,301099,60480,32937,394516,0,0,0,No
40,1,1,1,1,Yes,,,301099,60480,32937,394516,0,0,0,No
41,2,2,1,1,Yes,1,Yes,301099,817842,33086,1152027,2880,3,0,No
42,3,2,1,1,Yes,1,Yes,301099,811073,33086,1145258,2880,3,0,No
43,4,1,2,2,Yes,,,301099,60324,32937,394360,0,0,0,No
44,2,2,2,2,Yes,2,Yes,301099,817917,33086,1152102,2880,3,0,No
45,1,1,2,2,Yes,,,301099,58111,32937,392147,0,0,0,No
46,3,2,2,2,Yes,2,Yes,301099,817917,33086,1152102,2880,3,0,No
47,2,2,2,1,No,1,No,301099,811073,33086,1145258,2880,3,0,No
48,4,1,2,2,Yes,,,301099,60324,32937,394360,0,0,0,No
49,1,1,2,2,Yes,,,301099,58111,32937,392147,0,0,0,No
50,2,2,1,1,Yes,1,Yes,301099,811073,33086,1145258,2880,3,0,No
51,0,1,1,1,Yes,,,281187,60314,32937,374438,0,0,0,No
52,0,1,1,1,Yes,,,281187,60314,32937,374438,0,0,0,No
53,2,2,2,1,No,1,No,301099,811073,33086,1145258,2880,3,0,No
54,0,1,1,1,Yes,,,281187,60314,32937,374438,0,0,0,No
55,0,1,1,1,Yes,,,281187,60314,32937,374438,0,0,0,No
56,0,1,1,1,Yes,,,281187,60314,32937,374438,0,0,0,No
57,2,2,2,2,Yes,2,Yes,301099,817917,33086,1152102,2880,3,0,No
58,2,3,1,1,Yes,1,Yes,301099,2171553,33235,2505887,5760,3,5,Yes
59,2,3,2,2,Yes,2,Yes,301099,2164729,33235,2499063,5760,3,5,Yes
60,0,1,2,2,Yes,,,281187,57945,32937,372069,0,0,0,No
61,0,1,1,1,Yes,,,281187,60314,32937,374438,0,0,0,No
62,0,1,2,2,Yes,,,281187,57945,32937,372069,0,0,0,No
63,2,2,1,1,Yes,1,Yes,301099,811073,33086,1145258,2880,3,0,No
64,2,3,2,2,Yes,2,Yes,301099,2171731,33235,2506065,5760,3,5,Yes
65,4,1,2,2,Yes,,,301099,60324,32937,394360,0,0,0,No
66,1,1,1,1,Yes,,,301099,60480,32937,394516,0,0,0,No
67,3,3,2,2,Yes,1,No,301099,2157885,33235,2492219,5760,3,5,Yes
68,3,2,1,1,Yes,1,Yes,301099,817842,33086,1152027,2880,3,0,No
69,2,3,2,2,Yes,1,No,301099,2164887,33235,2499221,5760,3,5,Yes
70,1,1,2,2,Yes,,,301099,58111,32937,392147,0,0,0,No
71,1,1,1,1,Yes,,,301099,60480,32937,394516,0,0,0,No
72,2,3,2,2,Yes,2,Yes,301099,2157932,33235,2492266,5760,3,5,Yes
73,3,2,2,2,Yes,2,Yes,301099,811120,33086,1145305,2880,3,0,No
74,2,2,1,1,Yes,1,Yes,301099,811073,33086,1145258,2880,3,0,No
75,1,1,1,1,Yes,,,301099,60480,32937,394516,0,0,0,No
76,2,3,2,2,Yes,2,Yes,301099,2171731,33235,2506065,5760,3,5,Yes
77,0,1,1,1,Yes,,,281187,60314,32937,374438,0,0,0,No
78,0,1,2,2,Yes,,,281187,57945,32937,372069,0,0,0,No
79,0,1,2,2,Yes,,,281187,57945,32937,372069,0,0,0,No
80,2,2,2,2,Yes,2,Yes,301099,811120,33086,1145305,2880,3,0,No
81,0,1,1,1,Yes,,,281187,60314,32937,374438,0,0,0,No
82,0,1,1,1,Yes,,,281187,60314,32937,374438,0,0,0,No
83,3,2,2,2,Yes,2,Yes,301099,817917,33086,1152102,2880,3,0,No
84,2,3,2,2,Yes,2,Yes,301099,2164729,33235,2499063,5760,3,5,Yes
85,1,1,2,2,Yes,,,301099,58111,32937,392147,0,0,0,No
86,0,1,2,2,Yes,,,281187,57945,32937,372069,0,0,0,No
87,3,3,1,1,Yes,1,Yes,301099,2171553,33235,2505887,5760,3,5,Yes
88,1,1,2,2,Yes,,,301099,58111,32937,392147,0,0,0,No
89,0,1,1,1,Yes,,,281187,60314,32937,374438,0,0,0,No
90,2,3,2,2,Yes,2,Yes,301099,2164729,33235,2499063,5760,3,5,Yes
91,2,3,2,2,Yes,2,Yes,301099,2164934,33235,2499268,5760,3,5,Yes
92,4,1,2,2,Yes,,,301099,60324,32937,394360,0,0,0,No
93,2,3,2,2,Yes,2,Yes,301099,2157932,33235,2492266,5760,3,5,Yes
94,1,1,2,2,Yes,,,301099,58111,32937,392147,0,0,0,No
95,0,1,2,2,Yes,,,281187,57945,32937,372069,0,0,0,No
96,3,2,1,1,Yes,1,Yes,301099,817842,33086,1152027,2880,3,0,No
97,1,1,1,1,Yes,,,301099,60480,32937,394516,0,0,0,No
98,1,1,1,1,Yes,,,301099,60480,32937,394516,0,0,0,No
99,4,1,2,2,Yes,,,301099,60324,32937,394360,0,0,0,No
100,0,1,2,2,Yes,,,281187,57945,32937,372069,0,0,0,No
101,0,1,2,2,Yes,,,281187,57945,32937,372069,0,0,0,No
102,0,1,2,2,Yes,,,281187,57945,32937,372069,0,0,0,No
103,3,2,2,2,Yes,2,Yes,301099,811120,33086,1145305,2880,3,0,No
104,1,1,2,2,Yes,,,301099,58111,32937,392147,0,0,0,No
105,1,1,1,1,Yes,,,301099,60480,32937,394516,0,0,0,No
106,2,3,1,1,Yes,1,Yes,301099,2164579,33235,2498913,5760,3,5,Yes
107,4,1,2,2,Yes,,,301099,60324,32937,394360,0,0,0,No
108,2,3,1,1,Yes,1,Yes,301099,2164579,33235,2498913,5760,3,5,Yes
109,0,1,2,2,Yes,,,281187,57945,32937,372069,0,0,0,No
110,0,1,2,2,Yes,,,281187,57945,32937,372069,0,0,0,No
111,1,1,2,2,Yes,,,301099,58111,32937,392147,0,0,0,No
112,2,2,2,1,No,1,No,301099,811073,33086,1145258,2880,3,0,No
113,4,1,1,1,Yes,,,301099,57955,32937,391991,0,0,0,No
114,3,2,1,1,Yes,1,Yes,301099,811073,33086,1145258,2880,3,0,No
115,4,1,1,1,Yes,,,301099,57955,32937,391991,0,0,0,No
116,1,1,2,2,Yes,,,301099,58111,32937,392147,0,0,0,No
117,1,1,2,2,Yes,,,301099,58111,32937,392147,0,0,0,No
118,2,3,1,1,Yes,1,Yes,301099,2171553,33235,2505887,5760,3,5,Yes
119,4,1,1,1,Yes,,,301099,57955,32937,391991,0,0,0,No
120,3,2,1,1,Yes,1,Yes,301099,811073,33086,1145258,2880,3,0,No
121,4,1,2,2,Yes,,,301099,60324,32937,394360,0,0,0,No
122,3,2,2,2,Yes,2,Yes,301099,817917,33086,1152102,2880,3,0,No
123,0,1,2,2,Yes,,,281187,57945,32937,372069,0,0,0,No
124,0,1,2,2,Yes,,,281187,57945,32937,372069,0,0,0,No
125,3,2,1,1,Yes,1,Yes,301099,811073,33086,1145258,2880,3,0,No
126,0,1,2,2,Yes,,,281187,57945,32937,372069,0,0,0,No
127,0,1,2,2,Yes,,,281187,57945,32937,372069,0,0,0,No
128,3,2,2,2,Yes,2,Yes,301099,811120,33086,1145305,2880,3,0,No
129,0,1,1,1,Yes,,,281187,60314,32937,374438,0,0,0,No
130,0,1,2,2,Yes,,,281187,57945,32937,372069,0,0,0,No
131,0,1,1,1,Yes,,,281187,60314,32937,374438,0,0,0,No
132,2,2,1,1,Yes,1,Yes,301099,817842,33086,1152027,2880,3,0,No
133,3,3,1,1,Yes,1,Yes,301099,2171553,33235,2505887,5760,3,5,Yes
134,2,2,1,1,Yes,1,Yes,301099,817842,33086,1152027,2880,3,0,No
135,3,2,1,2,No,2,No,301099,811120,33086,1145305,2880,3,0,No
136,1,1,2,2,Yes,,,301099,58111,32937,392147,0,0,0,No
137,4,1,1,1,Yes,,,301099,57955,32937,391991,0,0,0,No
138,1,1,2,2,Yes,,,301099,58111,32937,392147,0,0,0,No
139,2,2,2,2,Yes,2,Yes,301099,817917,33086,1152102,2880,3,0,No
140,2,2,2,2,Yes,2,Yes,301099,817917,33086,1152102,2880,3,0,No
141,0,1,2,2,Yes,,,281187,57945,32937,372069,0,0,0,No
142,0,1,2,2,Yes,,,281187,57945,32937,372069,0,0,0,No
143,1,1,2,2,Yes,,,301099,58111,32937,392147,0,0,0,No
144,1,1,1,1,Yes,,,301099,60480,32937,394516,0,0,0,No
145,0,1,2,2,Yes,,,281187,57945,32937,372069,0,0,0,No
146,2,3,1,1,Yes,1,Yes,301099,2171553,33235,2505887,5760,3,5,Yes
147,2,2,2,2,Yes,2,Yes,301099,817917,33086,1152102,2880,3,0,No
148,2,2,2,2,Yes,2,Yes,301099,817917,33086,1152102,2880,3,0,No
149,1,1,1,1,Yes,,,301099,60480,32937,394516,0,0,0,No
150,0,1,1,1,Yes,,,281187,60314,32937,374438,0,0,0,No
151,2,3,1,1,Yes,1,Yes,301099,2171553,33235,2505887,5760,3,5,Yes
152,1,1,2,2,Yes,,,301099,58111,32937,392147,0,0,0,No
153,1,1,2,2,Yes,,,301099,58111,32937,392147,0,0,0,No
154,0,1,1,1,Yes,,,281187,60314,32937,374438,0,0,0,No
155,1,1,2,2,Yes,,,301099,58111,32937,392147,0,0,0,No
156,4,1,2,2,Yes,,,301099,60324,32937,394360,0,0,0,No
157,0,1,2,2,Yes,,,281187,57945,32937,372069,0,0,0,No
158,2,3,2,2,Yes,2,Yes,301099,2157932,33235,2492266,5760,3,5,Yes
159,0,1,2,2,Yes,,,281187,57945,32937,372069,0,0,0,No
160,2,2,2,2,Yes,2,Yes,301099,811120,33086,1145305,2880,3,0,No
161,4,1,2,2,Yes,,,301099,60324,32937,394360,0,0,0,No
162,0,1,2,2,Yes,,,281187,57945,32937,372069,0,0,0,No
163,1,1,2,2,Yes,,,301099,58111,32937,392147,0,0,0,No
164,2,2,1,1,Yes,1,Yes,301099,817842,33086,1152027,2880,3,0,No
165,4,1,2,2,Yes,,,301099,60324,32937,394360,0,0,0,No
166,2,2,1,1,Yes,1,Yes,301099,817842,33086,1152027,2880,3,0,No
167,4,1,2,2,Yes,,,301099,60324,32937,394360,0,0,0,No
168,0,1,1,1,Yes,,,281187,60314,32937,374438,0,0,0,No
169,0,1,1,1,Yes,,,281187,60314,32937,374438,0,0,0,No
170,1,1,2,2,Yes,,,301099,58111,32937,392147,0,0,0,No
171,2,2,1,1,Yes,1,Yes,301099,811073,33086,1145258,2880,3,0,No
172,1,1,2,2,Yes,,,301099,58111,32937,392147,0,0,0,No
173,0,1,2,2,Yes,,,281187,57945,32937,372069,0,0,0,No
174,0,1,1,1,Yes,,,281187,60314,32937,374438,0,0,0,No
175,3,2,1,1,Yes,1,Yes,301099,811073,33086,1145258,2880,3,0,No
176,2,2,1,1,Yes,1,Yes,301099,811073,33086,1145258,2880,3,0,No
177,0,1,2,2,Yes,,,281187,57945,32937,372069,0,0,0,No
178,1,1,1,1,Yes,,,301099,60480,32937,394516,0,0,0,No
179,0,1,1,1,Yes,,,281187,60314,32937,374438,0,0,0,No
180,0,1,1,1,Yes,,,281187,60314,32937,374438,0,0,0,No
181,1,1,1,1,Yes,,,301099,60480,32937,394516,0,0,0,No
182,0,1,2,2,Yes,,,281187,57945,32937,372069,0,0,0,No
183,3,2,1,1,Yes,1,Yes,301099,817842,33086,1152027,2880,3,0,No
184,4,1,1,1,Yes,,,301099,57955,32937,391991,0,0,0,No
185,0,1,2,2,Yes,,,281187,57945,32937,372069,0,0,0,No
186,2,2,2,2,Yes,2,Yes,301099,811120,33086,1145305,2880,3,0,No
187,4,1,2,2,Yes,,,301099,60324,32937,394360,0,0,0,No
188,0,1,2,2,Yes,,,281187,57945,32937,372069,0,0,0,No
189,2,2,2,2,Yes,2,Yes,301099,817917,33086,1152102,2880,3,0,No
190,0,1,2,2,Yes,,,281187,57945,32937,372069,0,0,0,No
191,0,1,2,2,Yes,,,281187,57945,32937,372069,0,0,0,No
192,1,1,1,1,Yes,,,301099,60480,32937,394516,0,0,0,No
193,0,1,2,2,Yes,,,281187,57945,32937,372069,0,0,0,No
194,4,1,2,2,Yes,,,301099,60324,32937,394360,0,0,0,No
195,0,1,2,2,Yes,,,281187,57945,32937,372069,0,0,0,No
196,0,1,2,2,Yes,,,281187,57945,32937,372069,0,0,0,No
197,1,1,2,2,Yes,,,301099,58111,32937,392147,0,0,0,No
198,4,1,2,2,Yes,,,301099,60324,32937,394360,0,0,0,No
199,1,1,1,1,Yes,,,301099,60480,32937,394516,0,0,0,No
200,0,1,2,2,Yes,,,281187,57945,32937,372069,0,0,0,No
201,2,2,2,2,Yes,2,Yes,301099,817917,33086,1152102,2880,3,0,No
202,2,2,2,2,Yes,2,Yes,301099,811120,33086,1145305,2880,3,0,No
203,0,1,2,2,Yes,,,281187,57945,32937,372069,0,0,0,No
204,0,1,1,1,Yes,,,281187,60314,32937,374438,0,0,0,No
205,2,3,2,2,Yes,2,Yes,301099,2171731,33235,2506065,5760,3,5,Yes
206,2,3,2,2,Yes,2,Yes,301099,2157932,33235,2492266,5760,3,5,Yes
207,4,1,1,1,Yes,,,301099,57955,32937,391991,0,0,0,No
208,4,1,2,2,Yes,,,301099,60324,32937,394360,0,0,0,No
209,4,1,2,2,Yes,,,301099,60324,32937,394360,0,0,0,No
210,3,3,1,1,Yes,1,Yes,301099,2157810,33235,2492144,5760,3,5,Yes
211,1,1,1,1,Yes,,,301099,60480,32937,394516,0,0,0,No
212,0,1,1,1,Yes,,,281187,60314,32937,374438,0,0,0,No
213,3,3,1,1,Yes,1,Yes,301099,2171553,33235,2505887,5760,3,5,Yes
214,2,2,1,1,Yes,1,Yes,301099,811073,33086,1145258,2880,3,0,No
215,1,1,1,1,Yes,,,301099,60480,32937,394516,0,0,0,No
216,2,3,2,2,Yes,2,Yes,301099,2171731,33235,2506065,5760,3,5,Yes
217,2,2,2,1,No,1,No,301099,811073,33086,1145258,2880,3,0,No
218,1,1,2,2,Yes,,,301099,58111,32937,392147,0,0,0,No
219,0,1,1,1,Yes,,,281187,60314,32937,374438,0,0,0,No
220,2,3,1,1,Yes,1,Yes,301099,2164579,33235,2498913,5760,3,5,Yes
221,4,1,2,2,Yes,,,301099,60324,32937,394360,0,0,0,No
222,3,2,1,1,Yes,1,Yes,301099,817842,33086,1152027,2880,3,0,No
223,4,1,2,2,Yes,,,301099,60324,32937,394360,0,0,0,No
224,2,2,2,2,Yes,2,Yes,301099,811120,33086,1145305,2880,3,0,No
225,2,2,2,1,No,1,No,301099,811073,33086,1145258,2880,3,0,No
226,0,1,2,2,Yes,,,281187,57945,32937,372069,0,0,0,No
227,3,3,2,2,Yes,2,Yes,301099,2164934,33235,2499268,5760,3,5,Yes
228,0,1,1,1,Yes,,,281187,60314,32937,374438,0,0,0,No
229,4,1,1,1,Yes,,,301099,57955,32937,391991,0,0,0,No
230,2,3,1,1,Yes,1,Yes,301099,2157810,33235,2492144,5760,3,5,Yes
231,0,1,2,2,Yes,,,281187,57945,32937,372069,0,0,0,No
232,4,1,2,2,Yes,,,301099,60324,32937,394360,0,0,0,No
233,3,3,1,1,Yes,1,Yes,301099,2171553,33235,2505887,5760,3,5,Yes
234,2,3,2,2,Yes,2,Yes,301099,2171731,33235,2506065,5760,3,5,Yes
235,0,1,1,1,Yes,,,281187,60314,32937,374438,0,0,0,No
236,0,1,2,2,Yes,,,281187,57945,32937,372069,0,0,0,No
237,1,1,1,1,Yes,,,301099,60480,32937,394516,0,0,0,No
238,2,3,2,2,Yes,1,No,301099,2164887,33235,2499221,5760,3,5,Yes
239,0,1,1,1,Yes,,,281187,60314,32937,374438,0,0,0,No
240,3,2,1,1,Yes,1,Yes,301099,817842,33086,1152027,2880,3,0,No
241,3,2,2,1,No,1,No,301099,811073,33086,1145258,2880,3,0,No
242,4,1,2,2,Yes,,,301099,60324,32937,394360,0,0,0,No
243,0,1,2,2,Yes,,,281187,57945,32937,372069,0,0,0,No
244,2,2,1,2,No,2,No,301099,811120,33086,1145305,2880,3,0,No
245,0,1,2,2,Yes,,,281187,57945,32937,372069,0,0,0,No
246,0,1,1,1,Yes,,,281187,60314,32937,374438,0,0,0,No
247,2,2,2,2,Yes,2,Yes,301099,811120,33086,1145305,2880,3,0,No
248,4,1,1,1,Yes,,,301099,57955,32937,391991,0,0,0,No
249,2,3,2,2,Yes,2,Yes,301099,2171731,33235,2506065,5760,3,5,Yes
250,3,2,1,1,Yes,1,Yes,301099,817842,33086,1152027,2880,3,0,No
251,4,1,2,2,Yes,,,301099,60324,32937,394360,0,0,0,No
252,4,1,2,2,Yes,,,301099,60324,32937,394360,0,0,0,No
253,1,1,1,1,Yes,,,301099,60480,32937,394516,0,0,0,No
254,2,2,2,1,No,1,No,301099,811073,33086,1145258,2880,3,0,No
255,3,2,1,1,Yes,1,Yes,301099,817842,33086,1152027,2880,3,0,No
256,0,1,2,2,Yes,,,281187,57945,32937,372069,0,0,0,No
257,3,3,1,1,Yes,2,No,301111,2165095,33247,2499453,5760,3,5,Yes
258,0,1,1,1,Yes,,,281199,60326,32949,374474,0,0,0,No
259,2,3,1,1,Yes,1,Yes,301111,2158074,33247,2492432,5760,3,5,Yes
260,4,1,2,2,Yes,,,301111,60336,32949,394396,0,0,0,No
261,1,1,2,2,Yes,,,301111,58123,32949,392183,0,0,0,No
262,0,1,1,1,Yes,,,281199,60326,32949,374474,0,0,0,No
263,2,3,1,1,Yes,1,Yes,301111,2165048,33247,2499406,5760,3,5,Yes
264,2,2,2,2,Yes,2,Yes,301111,818025,33098,1152234,2880,3,0,No
265,1,1,1,1,Yes,,,301111,60492,32949,394552,0,0,0,No
266,2,3,1,1,Yes,1,Yes,301111,2164843,33247,2499201,5760,3,5,Yes
267,4,1,2,2,Yes,,,301111,60336,32949,394396,0,0,0,No
268,2,2,1,1,Yes,1,Yes,301111,811181,33098,1145390,2880,3,0,No
269,2,3,2,2,Yes,2,Yes,301111,2171995,33247,2506353,5760,3,5,Yes
270,1,1,1,1,Yes,,,301111,60492,32949,394552,0,0,0,No
271,0,1,1,1,Yes,,,281199,60326,32949,374474,0,0,0,No
272,1,1,1,1,Yes,,,301111,60492,32949,394552,0,0,0,No
273,3,2,1,1,Yes,1,Yes,301111,811181,33098,1145390,2880,3,0,No
274,0,1,2,2,Yes,,,281199,57957,32949,372105,0,0,0,No
275,0,1,1,1,Yes,,,281199,60326,32949,374474,0,0,0,No
276,3,2,1,1,Yes,1,Yes,301111,817950,33098,1152159,2880,3,0,No
277,1,1,2,2,Yes,,,301111,58123,32949,392183,0,0,0,No
278,2,2,1,1,Yes,1,Yes,301111,811181,33098,1145390,2880,3,0,No
279,3,3,2,2,Yes,2,Yes,301111,2164993,33247,2499351,5760,3,5,Yes
280,2,2,2,2,Yes,2,Yes,301111,811228,33098,1145437,2880,3,0,No
281,3,3,1,1,Yes,1,Yes,301111,2165048,33247,2499406,5760,3,5,Yes
282,2,3,1,1,Yes,1,Yes,301111,2165048,33247,2499406,5760,3,5,Yes
283,0,1,1,1,Yes,,,281199,60326,32949,374474,0,0,0,No
284,1,1,1,1,Yes,,,301111,60492,32949,394552,0,0,0,No
285,3,2,2,2,Yes,2,Yes,301111,811228,33098,1145437,2880,3,0,No
286,0,1,1,1,Yes,,,281199,60326,32949,374474,0,0,0,No
287,0,1,1,1,Yes,,,281199,60326,32949,374474,0,0,0,No
288,3,2,1,1,Yes,1,Yes,301111,817950,33098,1152159,2880,3,0,No
289,1,1,1,1,Yes,,,301111,60492,32949,394552,0,0,0,No
290,3,3,2,2,Yes,2,Yes,301111,2164993,33247,2499351,5760,3,5,Yes
291,0,1,1,1,Yes,,,281199,60326,32949,374474,0,0,0,No
292,3,2,2,2,Yes,2,Yes,301111,818025,33098,1152234,2880,3,0,No
293,0,1,1,1,Yes,,,281199,60326,32949,374474,0,0,0,No
294,1,1,2,2,Yes,,,301111,58123,32949,392183,0,0,0,No
295,1,1,1,1,Yes,,,301111,60492,32949,394552,0,0,0,No
296,0,1,2,2,Yes,,,281199,57957,32949,372105,0,0,0,No
297,2,3,2,2,Yes,2,Yes,301111,2157991,33247,2492349,5760,3,5,Yes
298,2,3,1,1,Yes,1,Yes,301111,2157869,33247,2492227,5760,3,5,Yes
299,4,1,2,2,Yes,,,301111,60336,32949,394396,0,0,0,No
300,1,1,1,1,Yes,,,301111,60492,32949,394552,0,0,0,No
301,2,3,2,2,Yes,2,Yes,301111,2171995,33247,2506353,5760,3,5,Yes
302,3,2,2,2,Yes,2,Yes,301111,818025,33098,1152234,2880,3,0,No
303,0,1,2,2,Yes,,,281199,57957,32949,372105,0,0,0,No
304,1,1,2,2,Yes,,,301111,58123,32949,392183,0,0,0,No
305,4,1,1,1,Yes,,,301111,57967,32949,392027,0,0,0,No
306,0,1,1,1,Yes,,,281199,60326,32949,374474,0,0,0,No
307,0,1,2,2,Yes,,,281199,57957,32949,372105,0,0,0,No
308,4,1,1,1,Yes,,,301111,57967,32949,392027,0,0,0,No
309,0,1,1,1,Yes,,,281199,60326,32949,374474,0,0,0,No
310,3,3,2,2,Yes,2,Yes,301111,2157991,33247,2492349,5760,3,5,Yes
311,1,1,1,1,Yes,,,301111,60492,32949,394552,0,0,0,No
312,0,1,1,1,Yes,,,281199,60326,32949,374474,0,0,0,No
313,0,1,2,2,Yes,,,281199,57957,32949,372105,0,0,0,No
314,0,1,1,1,Yes,,,281199,60326,32949,374474,0,0,0,No
315,0,1,1,1,Yes,,,281199,60326,32949,374474,0,0,0,No
316,4,1,1,1,Yes,,,301111,57967,32949,392027,0,0,0,No
317,2,2,2,2,Yes,2,Yes,301111,818025,33098,1152234,2880,3,0,No
318,0,1,1,1,Yes,,,281199,60326,32949,374474,0,0,0,No
319,0,1,2,2,Yes,,,281199,57957,32949,372105,0,0,0,No
320,3,2,2,2,Yes,2,Yes,301111,818025,33098,1152234,2880,3,0,No
321,3,3,1,1,Yes,2,No,301111,2165095,33247,2499453,5760,3,5,Yes
322,4,1,2,2,Yes,,,301111,60336,32949,394396,0,0,0,No
323,1,1,1,1,Yes,,,301111,60492,32949,394552,0,0,0,No
324,0,1,1,1,Yes,,,281199,60326,32949,374474,0,0,0,No
325,4,1,2,2,Yes,,,301111,60336,32949,394396,0,0,0,No
326,0,1,1,1,Yes,,,281199,60326,32949,374474,0,0,0,No
327,0,1,1,1,Yes,,,281199,60326,32949,374474,0,0,0,No
328,4,1,2,2,Yes,,,301111,60336,32949,394396,0,0,0,No
329,3,3,1,1,Yes,1,Yes,301111,2165048,33247,2499406,5760,3,5,Yes
330,0,1,1,1,Yes,,,281199,60326,32949,374474,0,0,0,No
331,0,1,2,2,Yes,,,281199,57957,32949,372105,0,0,0,No
332,2,3,1,1,Yes,1,Yes,301111,2171817,33247,2506175,5760,3,5,Yes
333,1,1,1,1,Yes,,,301111,60492,32949,394552,0,0,0,No
334,2,3,2,2,Yes,2,Yes,301111,2171995,33247,2506353,5760,3,5,Yes
335,3,3,2,2,Yes,2,Yes,301111,2158196,33247,2492554,5760,3,5,Yes
336,0,1,2,2,Yes,,,281199,57957,32949,372105,0,0,0,No
337,4,1,2,2,Yes,,,301111,60336,32949,394396,0,0,0,No
338,4,1,2,2,Yes,,,301111,60336,32949,394396,0,0,0,No
339,2,2,1,1,Yes,1,Yes,301111,811181,33098,1145390,2880,3,0,No
340,0,1,2,2,Yes,,,281199,57957,32949,372105,0,0,0,No
341,1,1,1,1,Yes,,,301111,60492,32949,394552,0,0,0,No
342,3,2,2,2,Yes,2,Yes,301111,811228,33098,1145437,2880,3,0,No
343,4,1,2,2,Yes,,,301111,60336,32949,394396,0,0,0,No
344,3,3,2,2,Yes,2,Yes,301111,2164993,33247,2499351,5760,3,5,Yes
345,2,2,2,2,Yes,2,Yes,301111,818025,33098,1152234,2880,3,0,No
346,0,1,1,1,Yes,,,281199,60326,32949,374474,0,0,0,No
347,0,1,1,1,Yes,,,281199,60326,32949,374474,0,0,0,No
348,0,1,1,1,Yes,,,281199,60326,32949,374474,0,0,0,No
349,3,2,1,1,Yes,1,Yes,301111,817950,33098,1152159,2880,3,0,No
350,0,1,2,2,Yes,,,281199,57957,32949,372105,0,0,0,No
351,0,1,1,1,Yes,,,281199,60326,32949,374474,0,0,0,No
352,0,1,2,2,Yes,,,281199,57957,32949,372105,0,0,0,No
353,2,2,2,2,Yes,2,Yes,301111,818025,33098,1152234,2880,3,0,No
354,1,1,1,1,Yes,,,301111,60492,32949,394552,0,0,0,No
355,2,2,2,2,Yes,2,Yes,301111,811228,33098,1145437,2880,3,0,No
356,0,1,1,1,Yes,,,281199,60326,32949,374474,0,0,0,No
357,2,2,2,2,Yes,2,Yes,301111,818025,33098,1152234,2880,3,0,No
358,1,1,1,1,Yes,,,301111,60492,32949,394552,0,0,0,No
359,4,1,1,1,Yes,,,301111,57967,32949,392027,0,0,0,No
360,3,2,2,2,Yes,2,Yes,301111,818025,33098,1152234,2880,3,0,No
361,0,1,2,2,Yes,,,281199,57957,32949,372105,0,0,0,No
362,3,2,2,2,Yes,2,Yes,301111,811228,33098,1145437,2880,3,0,No
363,3,3,1,1,Yes,1,Yes,301111,2165048,33247,2499406,5760,3,5,Yes
364,2,3,1,1,Yes,1,Yes,301111,2171817,33247,2506175,5760,3,5,Yes
365,1,1,1,1,Yes,,,301111,60492,32949,394552,0,0,0,No
366,0,1,2,2,Yes,,,281199,57957,32949,372105,0,0,0,No
367,2,3,2,2,Yes,2,Yes,301111,2165198,33247,2499556,5760,3,5,Yes
368,1,1,1,1,Yes,,,301111,60492,32949,394552,0,0,0,No
369,1,1,1,1,Yes,,,301111,60492,32949,394552,0,0,0,No
370,3,2,1,1,Yes,1,Yes,301111,811181,33098,1145390,2880,3,0,No
371,4,1,2,2,Yes,,,301111,60336,32949,394396,0,0,0,No
372,4,1,2,2,Yes,,,301111,60336,32949,394396,0,0,0,No
373,1,1,2,2,Yes,,,301111,58123,32949,392183,0,0,0,No
374,1,1,2,2,Yes,,,301111,58123,32949,392183,0,0,0,No
375,1,1,1,1,Yes,,,301111,60492,32949,394552,0,0,0,No
376,2,2,1,1,Yes,1,Yes,301111,811181,33098,1145390,2880,3,0,No
377,2,2,1,1,Yes,1,Yes,301111,817950,33098,1152159,2880,3,0,No
378,4,1,2,2,Yes,,,301111,60336,32949,394396,0,0,0,No
379,1,1,1,1,Yes,,,301111,60492,32949,394552,0,0,0,No
380,3,3,2,2,Yes,2,Yes,301111,2158196,33247,2492554,5760,3,5,Yes
381,2,2,2,2,Yes,2,Yes,301111,818025,33098,1152234,2880,3,0,No
382,0,1,1,1,Yes,,,281199,60326,32949,374474,0,0,0,No
383,3,2,1,1,Yes,1,Yes,301111,817950,33098,1152159,2880,3,0,No
384,0,1,1,1,Yes,,,281199,60326,32949,374474,0,0,0,No
385,1,1,2,2,Yes,,,301111,58123,32949,392183,0,0,0,No
386,4,1,1,1,Yes,,,301111,57967,32949,392027,0,0,0,No
387,0,1,2,2,Yes,,,281199,57957,32949,372105,0,0,0,No
388,3,3,2,2,Yes,2,Yes,301111,2158196,33247,2492554,5760,3,5,Yes
389,0,1,1,1,Yes,,,281199,60326,32949,374474,0,0,0,No
390,4,1,1,1,Yes,,,301111,57967,32949,392027,0,0,0,No
391,4,1,1,1,Yes,,,301111,57967,32949,392027,0,0,0,No
392,4,1,2,2,Yes,,,301111,60336,32949,394396,0,0,0,No
393,3,2,1,1,Yes,1,Yes,301111,817950,33098,1152159,2880,3,0,No
394,0,1,1,1,Yes,,,281199,60326,32949,374474,0,0,0,No
395,0,1,2,2,Yes,,,281199,57957,32949,372105,0,0,0,No
396,3,2,2,2,Yes,2,Yes,301111,818025,33098,1152234,2880,3,0,No
397,2,3,1,1,Yes,1,Yes,301111,2171817,33247,2506175,5760,3,5,Yes
398,2,2,1,2,No,2,No,301111,811228,33098,1145437,2880,3,0,No
399,4,1,2,2,Yes,,,301111,60336,32949,394396,0,0,0,No
400,1,1,1,1,Yes,,,301111,60492,32949,394552,0,0,0,No
401,1,1,2,2,Yes,,,301111,58123,32949,392183,0,0,0,No
402,2,3,1,1,Yes,1,Yes,301111,2164843,33247,2499201,5760,3,5,Yes
403,1,1,1,1,Yes,,,301111,60492,32949,394552,0,0,0,No
404,2,3,1,1,Yes,1,Yes,301111,2164843,33247,2499201,5760,3,5,Yes
405,1,1,1,1,Yes,,,301111,60492,32949,394552,0,0,0,No
406,3,3,1,1,Yes,1,Yes,301111,2171817,33247,2506175,5760,3,5,Yes
407,0,1,2,2,Yes,,,281199,57957,32949,372105,0,0,0,No
408,1,1,1,1,Yes,,,301111,60492,32949,394552,0,0,0,No
409,0,1,1,1,Yes,,,281199,60326,32949,374474,0,0,0,No
410,3,2,1,1,Yes,1,Yes,301111,811181,33098,1145390,2880,3,0,No
411,2,2,2,2,Yes,2,Yes,301111,811228,33098,1145437,2880,3,0,No
412,2,3,2,2,Yes,1,No,301111,2164918,33247,2499276,5760,3,5,Yes
413,4,1,2,2,Yes,,,301111,60336,32949,394396,0,0,0,No
414,2,3,1,1,Yes,1,Yes,301111,2165048,33247,2499406,5760,3,5,Yes
415,0,1,1,1,Yes,,,281199,60326,32949,374474,0,0,0,No
416,1,1,1,1,Yes,,,301111,60492,32949,394552,0,0,0,No
417,2,3,2,2,Yes,2,Yes,301111,2164993,33247,2499351,5760,3,5,Yes
418,3,2,1,2,No,2,No,301111,811228,33098,1145437,2880,3,0,No
419,0,1,2,2,Yes,,,281199,57957,32949,372105,0,0,0,No
420,0,1,2,2,Yes,,,281199,57957,32949,372105,0,0,0,No
421,0,1,1,1,Yes,,,281199,60326,32949,374474,0,0,0,No
422,1,1,2,2,Yes,,,301111,58123,32949,392183,0,0,0,No
423,4,1,1,1,Yes,,,301111,57967,32949,392027,0,0,0,No
424,0,1,1,1,Yes,,,281199,60326,32949,374474,0,0,0,No
425,2,2,1,1,Yes,1,Yes,301111,817950,33098,1152159,2880,3,0,No
426,1,1,2,2,Yes,,,301111,58123,32949,392183,0,0,0,No
427,4,1,1,1,Yes,,,301111,57967,32949,392027,0,0,0,No
428,0,1,2,2,Yes,,,281199,57957,32949,372105,0,0,0,No
429,3,3,1,1,Yes,1,Yes,301111,2157869,33247,2492227,5760,3,5,Yes
430,3,2,1,1,Yes,1,Yes,301111,817950,33098,1152159,2880,3,0,No
431,2,3,2,2,Yes,2,Yes,301111,2171995,33247,2506353,5760,3,5,Yes
432,2,2,1,1,Yes,1,Yes,301111,811181,33098,1145390,2880,3,0,No
433,2,2,2,2,Yes,2,Yes,301111,811228,33098,1145437,2880,3,0,No
434,0,1,2,2,Yes,,,281199,57957,32949,372105,0,0,0,No
435,0,1,1,1,Yes,,,281199,60326,32949,374474,0,0,0,No
436,3,2,2,1,No,1,No,301111,811181,33098,1145390,2880,3,0,No
437,3,2,2,2,Yes,2,Yes,301111,818025,33098,1152234,2880,3,0,No
438,1,1,1,1,Yes,,,301111,60492,32949,394552,0,0,0,No
439,2,3,2,2,Yes,2,Yes,301111,2157991,33247,2492349,5760,3,5,Yes
440,1,1,2,2,Yes,,,301111,58123,32949,392183,0,0,0,No
441,0,1,1,1,Yes,,,281199,60326,32949,374474,0,0,0,No
442,0,1,2,2,Yes,,,281199,57957,32949,372105,0,0,0,No
443,0,1,2,2,Yes,,,281199,57957,32949,372105,0,0,0,No
444,2,2,2,2,Yes,2,Yes,301111,818025,33098,1152234,2880,3,0,No
445,2,2,2,2,Yes,2,Yes,301111,818025,33098,1152234,2880,3,0,No
446,3,2,2,1,No,1,No,301111,811181,33098,1145390,2880,3,0,No
447,3,2,2,2,Yes,2,Yes,301111,818025,33098,1152234,2880,3,0,No
448,2,2,1,1,Yes,1,Yes,301111,811181,33098,1145390,2880,3,0,No
449,0,1,2,2,Yes,,,281199,57957,32949,372105,0,0,0,No
450,0,1,2,2,Yes,,,281199,57957,32949,372105,0,0,0,No
451,2,3,2,2,Yes,2,Yes,301111,2165198,33247,2499556,5760,3,5,Yes
452,2,2,1,1,Yes,1,Yes,301111,817950,33098,1152159,2880,3,0,No
453,0,1,1,1,Yes,,,281199,60326,32949,374474,0,0,0,No
454,0,1,1,1,Yes,,,281199,60326,32949,374474,0,0,0,No
455,0,1,1,1,Yes,,,281199,60326,32949,374474,0,0,0,No
456,3,3,1,1,Yes,2,No,301111,2158121,33247,2492479,5760,3,5,Yes
457,4,1,2,2,Yes,,,301111,60336,32949,394396,0,0,0,No
458,0,1,1,1,Yes,,,281199,60326,32949,374474,0,0,0,No
459,0,1,2,2,Yes,,,281199,57957,32949,372105,0,0,0,No
460,0,1,1,1,Yes,,,281199,60326,32949,374474,0,0,0,No
461,2,2,2,1,No,1,No,301111,811181,33098,1145390,2880,3,0,No
462,0,1,2,2,Yes,,,281199,57957,32949,372105,0,0,0,No
463,0,1,2,2,Yes,,,281199,57957,32949,372105,0,0,0,No
464,3,2,2,2,Yes,2,Yes,301111,811228,33098,1145437,2880,3,0,No
465,2,3,1,1,Yes,1,Yes,301111,2171817,33247,2506175,5760,3,5,Yes
466,1,1,2,2,Yes,,,301111,58123,32949,392183,0,0,0,No
467,1,1,2,2,Yes,,,301111,58123,32949,392183,0,0,0,No
468,3,2,2,2,Yes,2,Yes,301111,818025,33098,1152234,2880,3,0,No
469,0,1,1,1,Yes,,,281199,60326,32949,374474,0,0,0,No
470,3,2,1,1,Yes,1,Yes,301111,811181,33098,1145390,2880,3,0,No
471,0,1,2,2,Yes,,,281199,57957,32949,372105,0,0,0,No
472,4,1,1,1,Yes,,,301111,57967,32949,392027,0,0,0,No
473,1,1,2,2,Yes,,,301111,58123,32949,392183,0,0,0,No
474,2,2,1,2,No,2,No,301111,811228,33098,1145437,2880,3,0,No
475,3,2,2,2,Yes,2,Yes,301111,818025,33098,1152234,2880,3,0,No
476,3,3,1,1,Yes,1,Yes,301111,2158074,33247,2492432,5760,3,5,Yes
477,2,3,1,1,Yes,1,Yes,301111,2165048,33247,2499406,5760,3,5,Yes
478,3,3,1,1,Yes,1,Yes,301111,2158074,33247,2492432,5760,3,5,Yes
479,2,2,1,1,Yes,1,Yes,301111,811181,33098,1145390,2880,3,0,No
480,4,1,2,2,Yes,,,301111,60336,32949,394396,0,0,0,No
481,2,3,2,2,Yes,2,Yes,301111,2165198,33247,2499556,5760,3,5,Yes
482,2,2,2,2,Yes,2,Yes,301111,811228,33098,1145437,2880,3,0,No
483,2,3,2,2,Yes,2,Yes,301111,2164993,33247,2499351,5760,3,5,Yes
484,0,1,1,1,Yes,,,281199,60326,32949,374474,0,0,0,No
485,0,1,1,1,Yes,,,281199,60326,32949,374474,0,0,0,No
486,0,1,1,1,Yes,,,281199,60326,32949,374474,0,0,0,No
487,1,1,2,2,Yes,,,301111,58123,32949,392183,0,0,0,No
488,0,1,2,2,Yes,,,281199,57957,32949,372105,0,0,0,No
489,4,1,2,2,Yes,,,301111,60336,32949,394396,0,0,0,No
490,0,1,1,1,Yes,,,281199,60326,32949,374474,0,0,0,No
491,3,2,2,2,Yes,2,Yes,301111,818025,33098,1152234,2880,3,0,No
492,2,2,2,2,Yes,2,Yes,301111,818025,33098,1152234,2880,3,0,No
493,2,3,2,2,Yes,2,Yes,301111,2158196,33247,2492554,5760,3,5,Yes
494,4,1,2,2,Yes,,,301111,60336,32949,394396,0,0,0,No
495,0,1,2,2,Yes,,,281199,57957,32949,372105,0,0,0,No
496,4,1,1,1,Yes,,,301111,57967,32949,392027,0,0,0,No
497,0,1,1,1,Yes,,,281199,60326,32949,374474,0,0,0,No
498,0,1,2,2,Yes,,,281199,57957,32949,372105,0,0,0,No
499,2,2,2,2,Yes,2,Yes,301111,818025,33098,1152234,2880,3,0,No
500,2,2,2,2,Yes,2,Yes,301111,818025,33098,1152234,2880,3,0,No
501,0,1,1,1,Yes,,,281199,60326,32949,374474,0,0,0,No
502,0,1,2,2,Yes,,,281199,57957,32949,372105,0,0,0,No
503,2,2,2,2,Yes,2,Yes,301111,811228,33098,1145437,2880,3,0,No
504,0,1,1,1,Yes,,,281199,60326,32949,374474,0,0,0,No
505,0,1,2,2,Yes,,,281199,57957,32949,372105,0,0,0,No
506,2,2,1,1,Yes,1,Yes,301111,817950,33098,1152159,2880,3,0,No
507,0,1,2,2,Yes,,,281199,57957,32949,372105,0,0,0,No
508,0,1,1,1,Yes,,,281199,60326,32949,374474,0,0,0,No
509,0,1,1,1,Yes,,,281199,60326,32949,374474,0,0,0,No
510,0,1,1,1,Yes,,,281199,60326,32949,374474,0,0,0,No
511,3,2,1,1,Yes,1,Yes,301111,817950,33098,1152159,2880,3,0,No
512,0,1,2,2,Yes,,,281187,57945,32937,372069,0,0,0,No
513,0,1,1,1,Yes,,,281199,60326,32949,374474,0,0,0,No
514,0,1,1,1,Yes,,,281199,60326,32949,374474,0,0,0,No
515,2,3,1,1,Yes,2,No,301111,2165095,33247,2499453,5760,3,5,Yes
516,2,3,2,2,Yes,2,Yes,301111,2165198,33247,2499556,5760,3,5,Yes
517,3,2,1,1,Yes,1,Yes,301111,811181,33098,1145390,2880,3,0,No
518,2,3,2,2,Yes,1,No,301111,2158149,33247,2492507,5760,3,5,Yes
519,0,1,1,1,Yes,,,281199,60326,32949,374474,0,0,0,No
520,3,2,1,1,Yes,1,Yes,301111,817950,33098,1152159,2880,3,0,No
521,0,1,1,1,Yes,,,281199,60326,32949,374474,0,0,0,No
522,3,3,1,1,Yes,1,Yes,301111,2164843,33247,2499201,5760,3,5,Yes
523,2,2,1,1,Yes,1,Yes,301111,817950,33098,1152159,2880,3,0,No
524,0,1,1,1,Yes,,,281199,60326,32949,374474,0,0,0,No
525,2,3,1,1,Yes,1,Yes,301111,2158074,33247,2492432,5760,3,5,Yes
526,2,3,1,1,Yes,1,Yes,301111,2164843,33247,2499201,5760,3,5,Yes
527,0,1,1,1,Yes,,,281199,60326,32949,374474,0,0,0,No
528,2,2,2,2,Yes,2,Yes,301111,818025,33098,1152234,2880,3,0,No
529,2,3,2,2,Yes,2,Yes,301111,2165198,33247,2499556,5760,3,5,Yes
530,0,1,2,2,Yes,,,281199,57957,32949,372105,0,0,0,No
531,1,1,1,1,Yes,,,301111,60492,32949,394552,0,0,0,No
532,0,1,2,2,Yes,,,281199,57957,32949,372105,0,0,0,No
533,4,1,2,2,Yes,,,301111,60336,32949,394396,0,0,0,No
534,3,3,1,1,Yes,1,Yes,301111,2158074,33247,2492432,5760,3,5,Yes
535,2,2,2,2,Yes,2,Yes,301111,818025,33098,1152234,2880,3,0,No
536,4,1,1,1,Yes,,,301111,57967,32949,392027,0,0,0,No
537,0,1,1,1,Yes,,,281199,60326,32949,374474,0,0,0,No
538,4,1,2,2,Yes,,,301111,60336,32949,394396,0,0,0,No
539,0,1,2,2,Yes,,,281199,57957,32949,372105,0,0,0,No
540,0,1,1,1,Yes,,,281199,60326,32949,374474,0,0,0,No
541,0,1,1,1,Yes,,,281199,60326,32949,374474,0,0,0,No
542,0,1,2,2,Yes,,,281199,57957,32949,372105,0,0,0,No
543,2,2,1,1,Yes,1,Yes,301111,811181,33098,1145390,2880,3,0,No
544,3,2,1,1,Yes,1,Yes,301111,811181,33098,1145390,2880,3,0,No
545,3,3,2,2,Yes,2,Yes,301111,2164993,33247,2499351,5760,3,5,Yes
546,1,1,1,1,Yes,,,301111,60492,32949,394552,0,0,0,No
547,2,2,1,1,Yes,1,Yes,301111,811181,33098,1145390,2880,3,0,No
548,3,2,1,1,Yes,1,Yes,301111,811181,33098,1145390,2880,3,0,No
549,4,1,2,2,Yes,,,301111,60336,32949,394396,0,0,0,No
550,0,1,1,1,Yes,,,281199,60326,32949,374474,0,0,0,No
551,2,3,2,2,Yes,2,Yes,301111,2165198,33247,2499556,5760,3,5,Yes
552,0,1,1,1,Yes,,,281199,60326,32949,374474,0,0,0,No
553,2,2,1,1,Yes,1,Yes,301111,817950,33098,1152159,2880,3,0,No
554,1,1,2,2,Yes,,,301111,58123,32949,392183,0,0,0,No
555,0,1,1,1,Yes,,,281199,60326,32949,374474,0,0,0,No
556,2,3,1,1,Yes,2,No,301111,2164918,33247,2499276,5760,3,5,Yes
557,1,1,2,2,Yes,,,301111,58123,32949,392183,0,0,0,No
558,0,1,1,1,Yes,,,281199,60326,32949,374474,0,0,0,No
559,0,1,1,1,Yes,,,281199,60326,32949,374474,0,0,0,No
560,0,1,2,2,Yes,,,281199,57957,32949,372105,0,0,0,No
561,0,1,2,2,Yes,,,281199,57957,32949,372105,0,0,0,No
562,0,1,1,1,Yes,,,281199,60326,32949,374474,0,0,0,No
563,4,1,1,1,Yes,,,301111,57967,32949,392027,0,0,0,No
564,0,1,2,2,Yes,,,281199,57957,32949,372105,0,0,0,No
565,3,2,1,1,Yes,1,Yes,301111,817950,33098,1152159,2880,3,0,No
566,3,2,1,1,Yes,1,Yes,301111,811181,33098,1145390,2880,3,0,No
567,4,1,1,1,Yes,,,301111,57967,32949,392027,0,0,0,No
568,3,3,1,1,Yes,1,Yes,301111,2164843,33247,2499201,5760,3,5,Yes
569,3,2,2,2,Yes,2,Yes,301111,818025,33098,1152234,2880,3,0,No
570,4,1,2,2,Yes,,,301111,60336,32949,394396,0,0,0,No
571,2,2,1,1,Yes,1,Yes,301111,817950,33098,1152159,2880,3,0,No
572,1,1,1,1,Yes,,,301111,60492,32949,394552,0,0,0,No
573,4,1,1,1,Yes,,,301111,57967,32949,392027,0,0,0,No
574,0,1,2,2,Yes,,,281199,57957,32949,372105,0,0,0,No
575,0,1,1,1,Yes,,,281199,60326,32949,374474,0,0,0,No
576,0,1,2,2,Yes,,,281199,57957,32949,372105,0,0,0,No
577,1,1,1,1,Yes,,,301111,60492,32949,394552,0,0,0,No
578,4,1,1,1,Yes,,,301111,57967,32949,392027,0,0,0,No
579,2,2,2,2,Yes,2,Yes,301111,818025,33098,1152234,2880,3,0,No
580,3,2,2,2,Yes,2,Yes,301111,811228,33098,1145437,2880,3,0,No
581,2,3,2,2,Yes,2,Yes,301111,2158196,33247,2492554,5760,3,5,Yes
582,3,2,1,1,Yes,1,Yes,301111,817950,33098,1152159,2880,3,0,No
583,0,1,1,1,Yes,,,281199,60326,32949,374474,0,0,0,No
584,2,2,2,2,Yes,2,Yes,301111,818025,33098,1152234,2880,3,0,No
585,4,1,1,1,Yes,,,301111,57967,32949,392027,0,0,0,No
586,2,2,1,1,Yes,1,Yes,301111,817950,33098,1152159,2880,3,0,No
587,0,1,2,2,Yes,,,281199,57957,32949,372105,0,0,0,No
588,4,1,1,1,Yes,,,301111,57967,32949,392027,0,0,0,No
589,3,2,2,2,Yes,2,Yes,301111,818025,33098,1152234,2880,3,0,No
590,1,1,2,2,Yes,,,301111,58123,32949,392183,0,0,0,No
591,3,2,1,1,Yes,1,Yes,301111,811181,33098,1145390,2880,3,0,No
592,2,2,1,1,Yes,1,Yes,301111,817950,33098,1152159,2880,3,0,No
593,1,1,2,2,Yes,,,301111,58123,32949,392183,0,0,0,No
594,1,1,1,1,Yes,,,301111,60492,32949,394552,0,0,0,No
595,3,2,2,2,Yes,2,Yes,301111,811228,33098,1145437,2880,3,0,No
596,1,1,2,2,Yes,,,301111,58123,32949,392183,0,0,0,No
597,0,1,2,2,Yes,,,281199,57957,32949,372105,0,0,0,No
598,4,1,1,1,Yes,,,301111,57967,32949,392027,0,0,0,No
599,4,1,2,2,Yes,,,301111,60336,32949,394396,0,0,0,No
600,2,2,2,2,Yes,2,Yes,301111,818025,33098,1152234,2880,3,0,No
601,2,3,1,1,Yes,1,Yes,301111,2171817,33247,2506175,5760,3,5,Yes
602,1,1,1,1,Yes,,,301111,60492,32949,394552,0,0,0,No
603,1,1,2,2,Yes,,,301111,58123,32949,392183,0,0,0,No
604,2,3,2,2,Yes,2,Yes,301111,2165198,33247,2499556,5760,3,5,Yes
605,1,1,2,2,Yes,,,301111,58123,32949,392183,0,0,0,No
606,2,2,2,2,Yes,2,Yes,301111,811228,33098,1145437,2880,3,0,No
607,4,1,2,2,Yes,,,301111,60336,32949,394396,0,0,0,No
608,0,1,2,2,Yes,,,281199,57957,32949,372105,0,0,0,No
609,3,2,1,2,No,2,No,301111,811228,33098,1145437,2880,3,0,No
610,0,1,1,1,Yes,,,281199,60326,32949,374474,0,0,0,No
611,1,1,1,1,Yes,,,301111,60492,32949,394552,0,0,0,No
612,2,3,2,2,Yes,2,Yes,301111,2158196,33247,2492554,5760,3,5,Yes
613,2,2,2,2,Yes,2,Yes,301111,811228,33098,1145437,2880,3,0,No
614,3,2,2,2,Yes,2,Yes,301111,818025,33098,1152234,2880,3,0,No
615,1,1,1,1,Yes,,,301111,60492,32949,394552,0,0,0,No
616,3,3,2,2,Yes,2,Yes,301111,2171995,33247,2506353,5760,3,5,Yes
617,0,1,1,1,Yes,,,281199,60326,32949,374474,0,0,0,No
618,4,1,2,2,Yes,,,301111,60336,32949,394396,0,0,0,No
619,2,2,1,1,Yes,1,Yes,301111,811181,33098,1145390,2880,3,0,No
620,4,1,1,1,Yes,,,301111,57967,32949,392027,0,0,0,No
621,2,2,1,1,Yes,1,Yes,301111,817950,33098,1152159,2880,3,0,No
622,1,1,2,2,Yes,,,301111,58123,32949,392183,0,0,0,No
623,4,1,2,2,Yes,,,301111,60336,32949,394396,0,0,0,No
624,1,1,2,2,Yes,,,301111,58123,32949,392183,0,0,0,No
625,3,2,1,1,Yes,1,Yes,301111,817950,33098,1152159,2880,3,0,No
626,4,1,1,1,Yes,,,301111,57967,32949,392027,0,0,0,No
627,0,1,2,2,Yes,,,281199,57957,32949,372105,0,0,0,No
628,1,1,1,1,Yes,,,301111,60492,32949,394552,0,0,0,No
629,1,1,1,1,Yes,,,301111,60492,32949,394552,0,0,0,No
630,1,1,2,2,Yes,,,301111,58123,32949,392183,0,0,0,No
631,0,1,1,1,Yes,,,281199,60326,32949,374474,0,0,0,No
632,3,2,1,1,Yes,1,Yes,301111,817950,33098,1152159,2880,3,0,No
633,1,1,1,1,Yes,,,301111,60492,32949,394552,0,0,0,No
634,0,1,1,1,Yes,,,281199,60326,32949,374474,0,0,0,No
635,3,2,2,2,Yes,2,Yes,301111,811228,33098,1145437,2880,3,0,No
636,4,1,1,1,Yes,,,301111,57967,32949,392027,0,0,0,No
637,4,1,2,2,Yes,,,301111,60336,32949,394396,0,0,0,No
638,4,1,1,1,Yes,,,301111,57967,32949,392027,0,0,0,No
639,4,1,1,1,Yes,,,301111,57967,32949,392027,0,0,0,No
640,3,2,1,1,Yes,1,Yes,301111,811181,33098,1145390,2880,3,0,No
641,0,1,1,1,Yes,,,281199,60326,32949,374474,0,0,0,No
642,4,1,1,1,Yes,,,301111,57967,32949,392027,0,0,0,No
643,4,1,2,2,Yes,,,301111,60336,32949,394396,0,0,0,No
644,3,3,1,1,Yes,1,Yes,301111,2165048,33247,2499406,5760,3,5,Yes
645,2,2,1,1,Yes,1,Yes,301111,817950,33098,1152159,2880,3,0,No
646,4,1,2,2,Yes,,,301111,60336,32949,394396,0,0,0,No
647,3,2,2,2,Yes,2,Yes,301111,818025,33098,1152234,2880,3,0,No
648,1,1,2,2,Yes,,,301111,58123,32949,392183,0,0,0,No
649,1,1,1,1,Yes,,,301111,60492,32949,394552,0,0,0,No
650,1,1,1,1,Yes,,,301111,60492,32949,394552,0,0,0,No
651,3,2,2,2,Yes,2,Yes,301111,818025,33098,1152234,2880,3,0,No
652,2,2,2,2,Yes,2,Yes,301111,811228,33098,1145437,2880,3,0,No
653,4,1,2,2,Yes,,,301111,60336,32949,394396,0,0,0,No
654,1,1,2,2,Yes,,,301111,58123,32949,392183,0,0,0,No
655,4,1,2,2,Yes,,,301111,60336,32949,394396,0,0,0,No
656,1,1,1,1,Yes,,,301111,60492,32949,394552,0,0,0,No
657,1,1,2,2,Yes,,,301111,58123,32949,392183,0,0,0,No
658,2,3,1,1,Yes,1,Yes,301111,2171817,33247,2506175,5760,3,5,Yes
659,0,1,2,2,Yes,,,281199,57957,32949,372105,0,0,0,No
660,4,1,1,1,Yes,,,301111,57967,32949,392027,0,0,0,No
661,1,1,1,1,Yes,,,301111,60492,32949,394552,0,0,0,No
662,1,1,1,1,Yes,,,301111,60492,32949,394552,0,0,0,No
663,3,2,1,1,Yes,1,Yes,301111,811181,33098,1145390,2880,3,0,No
664,1,1,2,2,Yes,,,301111,58123,32949,392183,0,0,0,No
665,4,1,2,2,Yes,,,301111,60336,32949,394396,0,0,0,No
666,2,3,1,1,Yes,1,Yes,301111,2151100,33247,2485458,5760,3,5,Yes
667,0,1,2,2,Yes,,,281199,57957,32949,372105,0,0,0,No
668,4,1,1,1,Yes,,,301111,57967,32949,392027,0,0,0,No
669,4,1,1,1,Yes,,,301111,57967,32949,392027,0,0,0,No
670,3,2,2,2,Yes,2,Yes,301111,811228,33098,1145437,2880,3,0,No
671,2,3,1,1,Yes,1,Yes,301111,2165048,33247,2499406,5760,3,5,Yes
672,0,1,1,1,Yes,,,281199,60326,32949,374474,0,0,0,No
673,1,1,2,2,Yes,,,301111,58123,32949,392183,0,0,0,No
674,0,1,1,1,Yes,,,281199,60326,32949,374474,0,0,0,No
675,0,1,1,1,Yes,,,281199,60326,32949,374474,0,0,0,No
676,0,1,1,1,Yes,,,281199,60326,32949,374474,0,0,0,No
677,0,1,2,2,Yes,,,281199,57957,32949,372105,0,0,0,No
678,3,3,2,2,Yes,2,Yes,301111,2165198,33247,2499556,5760,3,5,Yes
679,1,1,2,2,Yes,,,301111,58123,32949,392183,0,0,0,No
680,0,1,2,2,Yes,,,281199,57957,32949,372105,0,0,0,No
681,0,1,1,1,Yes,,,281199,60326,32949,374474,0,0,0,No
682,4,1,2,2,Yes,,,301111,60336,32949,394396,0,0,0,No
683,3,2,1,1,Yes,1,Yes,301111,811181,33098,1145390,2880,3,0,No
684,2,3,2,2,Yes,2,Yes,301111,2171995,33247,2506353,5760,3,5,Yes
685,2,2,2,2,Yes,2,Yes,301111,818025,33098,1152234,2880,3,0,No
686,2,3,1,1,Yes,1,Yes,301111,2171817,33247,2506175,5760,3,5,Yes
687,0,1,1,1,Yes,,,281199,60326,32949,374474,0,0,0,No
688,4,1,2,2,Yes,,,301111,60336,32949,394396,0,0,0,No
689,4,1,2,2,Yes,,,301111,60336,32949,394396,0,0,0,No
690,0,1,1,1,Yes,,,281199,60326,32949,374474,0,0,0,No
691,1,1,2,2,Yes,,,301111,58123,32949,392183,0,0,0,No
692,4,1,2,2,Yes,,,301111,60336,32949,394396,0,0,0,No
693,0,1,2,2,Yes,,,281199,57957,32949,372105,0,0,0,No
694,1,1,1,1,Yes,,,301111,60492,32949,394552,0,0,0,No
695,4,1,2,2,Yes,,,301111,60336,32949,394396,0,0,0,No
696,2,2,2,1,No,1,No,301111,811181,33098,1145390,2880,3,0,No
697,2,2,1,1,Yes,1,Yes,301111,811181,33098,1145390,2880,3,0,No
698,0,1,2,2,Yes,,,281199,57957,32949,372105,0,0,0,No
699,0,1,1,1,Yes,,,281199,60326,32949,374474,0,0,0,No
700,2,3,1,1,Yes,1,Yes,301111,2164843,33247,2499201,5760,3,5,Yes
701,0,1,2,2,Yes,,,281199,57957,32949,372105,0,0,0,No
702,2,2,2,2,Yes,2,Yes,301111,811228,33098,1145437,2880,3,0,No
703,3,2,2,2,Yes,2,Yes,301111,811228,33098,1145437,2880,3,0,No
704,1,1,1,1,Yes,,,301111,60492,32949,394552,0,0,0,No
705,4,1,1,1,Yes,,,301111,57967,32949,392027,0,0,0,No
706,4,1,1,1,Yes,,,301111,57967,32949,392027,0,0,0,No
707,2,2,2,2,Yes,2,Yes,301111,811228,33098,1145437,2880,3,0,No
708,0,1,1,1,Yes,,,281199,60326,32949,374474,0,0,0,No
709,1,1,1,1,Yes,,,301111,60492,32949,394552,0,0,0,No
710,3,3,2,2,Yes,2,Yes,301111,2171995,33247,2506353,5760,3,5,Yes
711,1,1,1,1,Yes,,,301111,60492,32949,394552,0,0,0,No
712,0,1,2,2,Yes,,,281199,57957,32949,372105,0,0,0,No
713,2,2,2,2,Yes,2,Yes,301111,818025,33098,1152234,2880,3,0,No
714,0,1,1,1,Yes,,,281199,60326,32949,374474,0,0,0,No
715,1,1,2,2,Yes,,,301111,58123,32949,392183,0,0,0,No
716,4,1,2,2,Yes,,,301111,60336,32949,394396,0,0,0,No
717,0,1,2,2,Yes,,,281199,57957,32949,372105,0,0,0,No
718,1,1,1,1,Yes,,,301111,60492,32949,394552,0,0,0,No
719,3,2,1,1,Yes,1,Yes,301111,817950,33098,1152159,2880,3,0,No
720,1,1,2,2,Yes,,,301111,58123,32949,392183,0,0,0,No
721,1,1,2,2,Yes,,,301111,58123,32949,392183,0,0,0,No
722,0,1,2,2,Yes,,,281199,57957,32949,372105,0,0,0,No
723,2,3,1,1,Yes,1,Yes,301111,2171817,33247,2506175,5760,3,5,Yes
724,1,1,1,1,Yes,,,301111,60492,32949,394552,0,0,0,No
725,4,1,1,1,Yes,,,301111,57967,32949,392027,0,0,0,No
726,4,1,1,1,Yes,,,301111,57967,32949,392027,0,0,0,No
727,4,1,2,2,Yes,,,301111,60336,32949,394396,0,0,0,No
728,4,1,2,2,Yes,,,301111,60336,32949,394396,0,0,0,No
729,3,2,1,1,Yes,1,Yes,301111,817950,33098,1152159,2880,3,0,No
730,0,1,1,1,Yes,,,281199,60326,32949,374474,0,0,0,No
731,0,1,2,2,Yes,,,281199,57957,32949,372105,0,0,0,No
732,0,1,1,1,Yes,,,281199,60326,32949,374474,0,0,0,No
733,0,1,2,2,Yes,,,281199,57957,32949,372105,0,0,0,No
734,4,1,2,2,Yes,,,301111,60336,32949,394396,0,0,0,No
735,3,3,2,2,Yes,1,No,301111,2165151,33247,2499509,5760,3,5,Yes
736,2,3,2,2,Yes,2,Yes,301111,2165198,33247,2499556,5760,3,5,Yes
737,1,1,2,2,Yes,,,301111,58123,32949,392183,0,0,0,No
738,2,2,1,1,Yes,1,Yes,301111,811181,33098,1145390,2880,3,0,No
739,1,1,1,1,Yes,,,301111,60492,32949,394552,0,0,0,No
740,0,1,2,2,Yes,,,281199,57957,32949,372105,0,0,0,No
741,2,3,1,1,Yes,1,Yes,301111,2165048,33247,2499406,5760,3,5,Yes
742,1,1,2,2,Yes,,,301111,58123,32949,392183,0,0,0,No
743,0,1,1,1,Yes,,,281199,60326,32949,374474,0,0,0,No
744,2,2,2,2,Yes,2,Yes,301111,811228,33098,1145437,2880,3,0,No
745,1,1,2,2,Yes,,,301111,58123,32949,392183,0,0,0,No
746,2,2,2,1,No,1,No,301111,811181,33098,1145390,2880,3,0,No
747,2,3,2,2,Yes,2,Yes,301111,2165198,33247,2499556,5760,3,5,Yes
748,2,3,1,1,Yes,1,Yes,301111,2158074,33247,2492432,5760,3,5,Yes
749,4,1,1,1,Yes,,,301111,57967,32949,392027,0,0,0,No
750,0,1,1,1,Yes,,,281199,60326,32949,374474,0,0,0,No
751,2,3,2,2,Yes,2,Yes,301111,2165198,33247,2499556,5760,3,5,Yes
752,4,1,1,1,Yes,,,301111,57967,32949,392027,0,0,0,No
753,3,2,1,1,Yes,1,Yes,301111,817950,33098,1152159,2880,3,0,No
754,3,3,1,1,Yes,1,Yes,301111,2158074,33247,2492432,5760,3,5,Yes
755,1,1,2,2,Yes,,,301111,58123,32949,392183,0,0,0,No
756,0,1,1,1,Yes,,,281199,60326,32949,374474,0,0,0,No
757,0,1,1,1,Yes,,,281199,60326,32949,374474,0,0,0,No
758,0,1,2,2,Yes,,,281199,57957,32949,372105,0,0,0,No
759,0,1,1,1,Yes,,,281199,60326,32949,374474,0,0,0,No
760,0,1,2,2,Yes,,,281199,57957,32949,372105,0,0,0,No
761,4,1,1,1,Yes,,,301111,57967,32949,392027,0,0,0,No
762,1,1,2,2,Yes,,,301111,58123,32949,392183,0,0,0,No
763,1,1,2,2,Yes,,,301111,58123,32949,392183,0,0,0,No
764,2,3,2,2,Yes,2,Yes,301111,2158196,33247,2492554,5760,3,5,Yes
765,0,1,2,2,Yes,,,281199,57957,32949,372105,0,0,0,No
766,3,3,2,2,Yes,2,Yes,301111,2165198,33247,2499556,5760,3,5,Yes
767,1,1,2,2,Yes,,,301111,58123,32949,392183,0,0,0,No
768,2,2,1,1,Yes,1,Yes,301099,811073,33086,1145258,2880,3,0,No
769,1,1,1,1,Yes,,,301111,60492,32949,394552,0,0,0,No
770,0,1,1,1,Yes,,,281199,60326,32949,374474,0,0,0,No
771,0,1,1,1,Yes,,,281199,60326,32949,374474,0,0,0,No
772,0,1,2,2,Yes,,,281199,57957,32949,372105,0,0,0,No
773,1,1,2,2,Yes,,,301111,58123,32949,392183,0,0,0,No
774,2,2,2,2,Yes,2,Yes,301111,818025,33098,1152234,2880,3,0,No
775,0,1,1,1,Yes,,,281199,60326,32949,374474,0,0,0,No
776,2,2,2,2,Yes,2,Yes,301111,818025,33098,1152234,2880,3,0,No
777,0,1,2,2,Yes,,,281199,57957,32949,372105,0,0,0,No
778,1,1,1,1,Yes,,,301111,60492,32949,394552,0,0,0,No
779,0,1,1,1,Yes,,,281199,60326,32949,374474,0,0,0,No
780,4,1,2,2,Yes,,,301111,60336,32949,394396,0,0,0,No
781,2,2,1,1,Yes,1,Yes,301111,817950,33098,1152159,2880,3,0,No
782,2,3,1,1,Yes,2,No,301111,2165095,33247,2499453,5760,3,5,Yes
783,0,1,1,1,Yes,,,281199,60326,32949,374474,0,0,0,No
784,4,1,2,2,Yes,,,301111,60336,32949,394396,0,0,0,No
785,0,1,2,2,Yes,,,281199,57957,32949,372105,0,0,0,No
786,3,2,1,1,Yes,1,Yes,301111,817950,33098,1152159,2880,3,0,No
787,0,1,2,2,Yes,,,281199,57957,32949,372105,0,0,0,No
788,0,1,2,2,Yes,,,281199,57957,32949,372105,0,0,0,No
789,1,1,1,1,Yes,,,301111,60492,32949,394552,0,0,0,No
790,1,1,2,2,Yes,,,301111,58123,32949,392183,0,0,0,No
791,0,1,1,1,Yes,,,281199,60326,32949,374474,0,0,0,No
792,2,3,2,2,Yes,1,No,301111,2165151,33247,2499509,5760,3,5,Yes
793,2,3,2,2,Yes,2,Yes,301111,2165198,33247,2499556,5760,3,5,Yes
794,0,1,1,1,Yes,,,281199,60326,32949,374474,0,0,0,No
795,3,3,1,1,Yes,1,Yes,301111,2157869,33247,2492227,5760,3,5,Yes
796,3,2,1,1,Yes,1,Yes,301111,817950,33098,1152159,2880,3,0,No
797,2,2,2,2,Yes,2,Yes,301111,818025,33098,1152234,2880,3,0,No
798,4,1,1,1,Yes,,,301111,57967,32949,392027,0,0,0,No
799,0,1,2,2,Yes,,,281199,57957,32949,372105,0,0,0,No
800,3,2,1,1,Yes,1,Yes,301111,817950,33098,1152159,2880,3,0,No
801,4,1,1,1,Yes,,,301111,57967,32949,392027,0,0,0,No
802,0,1,2,2,Yes,,,281199,57957,32949,372105,0,0,0,No
803,2,2,1,2,No,2,No,301111,811228,33098,1145437,2880,3,0,No
804,0,1,1,1,Yes,,,281199,60326,32949,374474,0,0,0,No
805,4,1,1,1,Yes,,,301111,57967,32949,392027,0,0,0,No
806,1,1,2,2,Yes,,,301111,58123,32949,392183,0,0,0,No
807,2,3,1,1,Yes,1,Yes,301111,2165048,33247,2499406,5760,3,5,Yes
808,2,2,1,2,No,2,No,301111,811228,33098,1145437,2880,3,0,No
809,0,1,1,1,Yes,,,281199,60326,32949,374474,0,0,0,No
810,2,2,1,1,Yes,1,Yes,301111,817950,33098,1152159,2880,3,0,No
811,0,1,1,1,Yes,,,281199,60326,32949,374474,0,0,0,No
812,2,2,2,1,No,1,No,301111,811181,33098,1145390,2880,3,0,No
813,2,3,1,1,Yes,1,Yes,301111,2151100,33247,2485458,5760,3,5,Yes
814,2,3,2,2,Yes,2,Yes,301111,2171995,33247,2506353,5760,3,5,Yes
815,1,1,2,2,Yes,,,301111,58123,32949,392183,0,0,0,No
816,3,2,1,1,Yes,1,Yes,301111,817950,33098,1152159,2880,3,0,No
817,0,1,2,2,Yes,,,281199,57957,32949,372105,0,0,0,No
818,4,1,1,1,Yes,,,301111,57967,32949,392027,0,0,0,No
819,2,2,1,1,Yes,1,Yes,301111,817950,33098,1152159,2880,3,0,No
820,2,3,1,1,Yes,1,Yes,301111,2165048,33247,2499406,5760,3,5,Yes
821,0,1,1,1,Yes,,,281199,60326,32949,374474,0,0,0,No
822,1,1,2,2,Yes,,,301111,58123,32949,392183,0,0,0,No
823,2,2,1,1,Yes,1,Yes,301111,817950,33098,1152159,2880,3,0,No
824,4,1,1,1,Yes,,,301111,57967,32949,392027,0,0,0,No
825,0,1,1,1,Yes,,,281199,60326,32949,374474,0,0,0,No
826,2,2,2,2,Yes,2,Yes,301111,818025,33098,1152234,2880,3,0,No
827,0,1,2,2,Yes,,,281199,57957,32949,372105,0,0,0,No
828,0,1,2,2,Yes,,,281199,57957,32949,372105,0,0,0,No
829,0,1,2,2,Yes,,,281199,57957,32949,372105,0,0,0,No
830,0,1,2,2,Yes,,,281199,57957,32949,372105,0,0,0,No
831,0,1,2,2,Yes,,,281199,57957,32949,372105,0,0,0,No
832,0,1,1,1,Yes,,,281199,60326,32949,374474,0,0,0,No
833,3,2,1,1,Yes,1,Yes,301111,817950,33098,1152159,2880,3,0,No
834,0,1,2,2,Yes,,,281199,57957,32949,372105,0,0,0,No
835,4,1,2,2,Yes,,,301111,60336,32949,394396,0,0,0,No
836,3,3,2,2,Yes,2,Yes,301111,2158196,33247,2492554,5760,3,5,Yes
837,2,2,1,2,No,2,No,301111,811228,33098,1145437,2880,3,0,No
838,1,1,1,1,Yes,,,301111,60492,32949,394552,0,0,0,No
839,0,1,1,1,Yes,,,281199,60326,32949,374474,0,0,0,No
840,1,1,2,2,Yes,,,301111,58123,32949,392183,0,0,0,No
841,2,2,2,1,No,1,No,301111,811181,33098,1145390,2880,3,0,No
842,3,2,2,2,Yes,2,Yes,301111,818025,33098,1152234,2880,3,0,No
843,1,1,2,2,Yes,,,301111,58123,32949,392183,0,0,0,No
844,2,2,2,2,Yes,2,Yes,301111,818025,33098,1152234,2880,3,0,No
845,0,1,2,2,Yes,,,281199,57957,32949,372105,0,0,0,No
846,2,2,1,1,Yes,1,Yes,301111,817950,33098,1152159,2880,3,0,No
847,0,1,2,2,Yes,,,281199,57957,32949,372105,0,0,0,No
848,3,3,1,1,Yes,1,Yes,301111,2171817,33247,2506175,5760,3,5,Yes
849,1,1,2,2,Yes,,,301111,58123,32949,392183,0,0,0,No
850,4,1,2,2,Yes,,,301111,60336,32949,394396,0,0,0,No
851,1,1,1,1,Yes,,,301111,60492,32949,394552,0,0,0,No
852,1,1,1,1,Yes,,,301111,60492,32949,394552,0,0,0,No
853,0,1,2,2,Yes,,,281199,57957,32949,372105,0,0,0,No
854,2,3,1,1,Yes,1,Yes,301111,2164843,33247,2499201,5760,3,5,Yes
855,2,2,2,2,Yes,2,Yes,301111,811228,33098,1145437,2880,3,0,No
856,1,1,1,1,Yes,,,301111,60492,32949,394552,0,0,0,No
857,0,1,1,1,Yes,,,281199,60326,32949,374474,0,0,0,No
858,4,1,2,2,Yes,,,301111,60336,32949,394396,0,0,0,No
859,1,1,2,2,Yes,,,301111,58123,32949,392183,0,0,0,No
860,0,1,1,1,Yes,,,281199,60326,32949,374474,0,0,0,No
861,0,1,2,2,Yes,,,281199,57957,32949,372105,0,0,0,No
862,1,1,1,1,Yes,,,301111,60492,32949,394552,0,0,0,No
863,1,1,1,1,Yes,,,301111,60492,32949,394552,0,0,0,No
864,1,1,1,1,Yes,,,301111,60492,32949,394552,0,0,0,No
865,1,1,1,1,Yes,,,301111,60492,32949,394552,0,0,0,No
866,0,1,2,2,Yes,,,281199,57957,32949,372105,0,0,0,No
867,3,2,2,2,Yes,2,Yes,301111,811228,33098,1145437,2880,3,0,No
868,0,1,1,1,Yes,,,281199,60326,32949,374474,0,0,0,No
869,0,1,1,1,Yes,,,281199,60326,32949,374474,0,0,0,No
870,4,1,2,2,Yes,,,301111,60336,32949,394396,0,0,0,No
871,0,1,1,1,Yes,,,281199,60326,32949,374474,0,0,0,No
872,0,1,2,2,Yes,,,281199,57957,32949,372105,0,0,0,No
873,1,1,1,1,Yes,,,301111,60492,32949,394552,0,0,0,No
874,0,1,1,1,Yes,,,281199,60326,32949,374474,0,0,0,No
875,2,2,2,2,Yes,2,Yes,301111,818025,33098,1152234,2880,3,0,No
876,0,1,1,1,Yes,,,281199,60326,32949,374474,0,0,0,No
877,2,2,2,2,Yes,2,Yes,301111,818025,33098,1152234,2880,3,0,No
878,1,1,2,2,Yes,,,301111,58123,32949,392183,0,0,0,No
879,2,3,1,1,Yes,1,Yes,301111,2165048,33247,2499406,5760,3,5,Yes
880,0,1,2,2,Yes,,,281199,57957,32949,372105,0,0,0,No
881,3,2,2,2,Yes,2,Yes,301111,811228,33098,1145437,2880,3,0,No
882,2,3,1,1,Yes,1,Yes,301111,2165048,33247,2499406,5760,3,5,Yes
883,0,1,1,1,Yes,,,281199,60326,32949,374474,0,0,0,No
884,0,1,1,1,Yes,,,281199,60326,32949,374474,0,0,0,No
885,3,2,2,2,Yes,2,Yes,301111,811228,33098,1145437,2880,3,0,No
886,1,1,2,2,Yes,,,301111,58123,32949,392183,0,0,0,No
887,1,1,2,2,Yes,,,301111,58123,32949,392183,0,0,0,No
888,2,2,1,1,Yes,1,Yes,301111,817950,33098,1152159,2880,3,0,No
889,2,3,1,1,Yes,1,Yes,301111,2171817,33247,2506175,5760,3,5,Yes
890,4,1,1,1,Yes,,,301111,57967,32949,392027,0,0,0,No
891,0,1,2,2,Yes,,,281199,57957,32949,372105,0,0,0,No
892,2,3,2,2,Yes,2,Yes,301111,2158196,33247,2492554,5760,3,5,Yes
893,2,3,2,2,Yes,2,Yes,301111,2171995,33247,2506353,5760,3,5,Yes
894,2,3,2,2,Yes,2,Yes,301111,2164993,33247,2499351,5760,3,5,Yes
895,0,1,1,1,Yes,,,281199,60326,32949,374474,0,0,0,No
896,0,1,1,1,Yes,,,281199,60326,32949,374474,0,0,0,No
897,1,1,2,2,Yes,,,301111,58123,32949,392183,0,0,0,No
898,2,2,1,1,Yes,1,Yes,301111,817950,33098,1152159,2880,3,0,No
899,0,1,1,1,Yes,,,281199,60326,32949,374474,0,0,0,No
900,2,3,2,2,Yes,2,Yes,301111,2171995,33247,2506353,5760,3,5,Yes
901,2,2,2,2,Yes,2,Yes,301111,811228,33098,1145437,2880,3,0,No
902,1,1,2,2,Yes,,,301111,58123,32949,392183,0,0,0,No
903,1,1,1,1,Yes,,,301111,60492,32949,394552,0,0,0,No
904,4,1,1,1,Yes,,,301111,57967,32949,392027,0,0,0,No
905,2,2,2,2,Yes,2,Yes,301111,811228,33098,1145437,2880,3,0,No
906,0,1,2,2,Yes,,,281199,57957,32949,372105,0,0,0,No
907,4,1,1,1,Yes,,,301111,57967,32949,392027,0,0,0,No
908,2,2,1,1,Yes,1,Yes,301111,811181,33098,1145390,2880,3,0,No
909,2,3,1,1,Yes,1,Yes,301111,2165048,33247,2499406,5760,3,5,Yes
910,3,2,2,2,Yes,2,Yes,301111,818025,33098,1152234,2880,3,0,No
911,2,3,1,1,Yes,1,Yes,301111,2164843,33247,2499201,5760,3,5,Yes
912,0,1,2,2,Yes,,,281199,57957,32949,372105,0,0,0,No
913,3,2,2,2,Yes,2,Yes,301111,818025,33098,1152234,2880,3,0,No
914,2,2,1,1,Yes,1,Yes,301111,817950,33098,1152159,2880,3,0,No
915,1,1,1,1,Yes,,,301111,60492,32949,394552,0,0,0,No
916,4,1,2,2,Yes,,,301111,60336,32949,394396,0,0,0,No
917,4,1,1,1,Yes,,,301111,57967,32949,392027,0,0,0,No
918,0,1,1,1,Yes,,,281199,60326,32949,374474,0,0,0,No
919,1,1,2,2,Yes,,,301111,58123,32949,392183,0,0,0,No
920,1,1,2,2,Yes,,,301111,58123,32949,392183,0,0,0,No
921,2,3,2,2,Yes,2,Yes,301111,2165198,33247,2499556,5760,3,5,Yes
922,0,1,2,2,Yes,,,281199,57957,32949,372105,0,0,0,No
923,2,3,1,1,Yes,1,Yes,301111,2164843,33247,2499201,5760,3,5,Yes
924,0,1,2,2,Yes,,,281199,57957,32949,372105,0,0,0,No
925,0,1,2,2,Yes,,,281199,57957,32949,372105,0,0,0,No
926,1,1,1,1,Yes,,,301111,60492,32949,394552,0,0,0,No
927,0,1,1,1,Yes,,,281199,60326,32949,374474,0,0,0,No
928,3,2,2,2,Yes,2,Yes,301111,811228,33098,1145437,2880,3,0,No
929,0,1,1,1,Yes,,,281199,60326,32949,374474,0,0,0,No
930,1,1,1,1,Yes,,,301111,60492,32949,394552,0,0,0,No
931,1,1,2,2,Yes,,,301111,58123,32949,392183,0,0,0,No
932,0,1,1,1,Yes,,,281199,60326,32949,374474,0,0,0,No
933,4,1,2,2,Yes,,,301111,60336,32949,394396,0,0,0,No
934,1,1,2,2,Yes,,,301111,58123,32949,392183,0,0,0,No
935,2,2,2,2,Yes,2,Yes,301111,811228,33098,1145437,2880,3,0,No
936,4,1,2,2,Yes,,,301111,60336,32949,394396,0,0,0,No
937,2,2,2,2,Yes,2,Yes,301111,811228,33098,1145437,2880,3,0,No
938,0,1,1,1,Yes,,,281199,60326,32949,374474,0,0,0,No
939,4,1,2,2,Yes,,,301111,60336,32949,394396,0,0,0,No
940,3,3,1,1,Yes,1,Yes,301111,2171817,33247,2506175,5760,3,5,Yes
941,0,1,2,2,Yes,,,281199,57957,32949,372105,0,0,0,No
942,3,2,2,2,Yes,2,Yes,301111,818025,33098,1152234,2880,3,0,No
943,1,1,1,1,Yes,,,301111,60492,32949,394552,0,0,0,No
944,3,2,1,1,Yes,1,Yes,301111,811181,33098,1145390,2880,3,0,No
945,3,2,2,2,Yes,2,Yes,301111,818025,33098,1152234,2880,3,0,No
946,4,1,2,2,Yes,,,301111,60336,32949,394396,0,0,0,No
947,3,3,1,1,Yes,1,Yes,301111,2171817,33247,2506175,5760,3,5,Yes
948,4,1,2,2,Yes,,,301111,60336,32949,394396,0,0,0,No
949,3,2,1,1,Yes,1,Yes,301111,811181,33098,1145390,2880,3,0,No
950,2,3,1,1,Yes,1,Yes,301111,2158074,33247,2492432,5760,3,5,Yes
951,3,2,1,1,Yes,1,Yes,301111,811181,33098,1145390,2880,3,0,No
952,2,2,2,2,Yes,2,Yes,301111,811228,33098,1145437,2880,3,0,No
953,0,1,1,1,Yes,,,281199,60326,32949,374474,0,0,0,No
954,3,2,2,2,Yes,2,Yes,301111,818025,33098,1152234,2880,3,0,No
955,3,3,2,2,Yes,2,Yes,301111,2171995,33247,2506353,5760,3,5,Yes
956,0,1,2,2,Yes,,,281199,57957,32949,372105,0,0,0,No
957,3,3,2,2,Yes,2,Yes,301111,2165198,33247,2499556,5760,3,5,Yes
958,0,1,2,2,Yes,,,281199,57957,32949,372105,0,0,0,No
959,1,1,1,1,Yes,,,301111,60492,32949,394552,0,0,0,No
960,3,3,2,2,Yes,2,Yes,301111,2165198,33247,2499556,5760,3,5,Yes
961,4,1,1,1,Yes,,,301111,57967,32949,392027,0,0,0,No
962,4,1,2,2,Yes,,,301111,60336,32949,394396,0,0,0,No
963,1,1,1,1,Yes,,,301111,60492,32949,394552,0,0,0,No
964,4,1,1,1,Yes,,,301111,57967,32949,392027,0,0,0,No
965,0,1,1,1,Yes,,,281199,60326,32949,374474,0,0,0,No
966,4,1,1,1,Yes,,,301111,57967,32949,392027,0,0,0,No
967,2,2,1,1,Yes,1,Yes,301111,817950,33098,1152159,2880,3,0,No
968,0,1,1,1,Yes,,,281199,60326,32949,374474,0,0,0,No
969,4,1,1,1,Yes,,,301111,57967,32949,392027,0,0,0,No
970,4,1,2,2,Yes,,,301111,60336,32949,394396,0,0,0,No
971,3,2,2,2,Yes,2,Yes,301111,811228,33098,1145437,2880,3,0,No
972,0,1,1,1,Yes,,,281199,60326,32949,374474,0,0,0,No
973,1,1,1,1,Yes,,,301111,60492,32949,394552,0,0,0,No
974,2,2,2,2,Yes,2,Yes,301111,818025,33098,1152234,2880,3,0,No
975,2,3,1,1,Yes,2,No,301111,2158121,33247,2492479,5760,3,5,Yes
976,4,1,2,2,Yes,,,301111,60336,32949,394396,0,0,0,No
977,1,1,1,1,Yes,,,301111,60492,32949,394552,0,0,0,No
978,2,2,1,1,Yes,1,Yes,301111,817950,33098,1152159,2880,3,0,No
979,0,1,1,1,Yes,,,281199,60326,32949,374474,0,0,0,No
980,2,3,1,1,Yes,1,Yes,301111,2171817,33247,2506175,5760,3,5,Yes
981,3,2,1,1,Yes,1,Yes,301111,817950,33098,1152159,2880,3,0,No
982,1,1,1,1,Yes,,,301111,60492,32949,394552,0,0,0,No
983,2,3,1,1,Yes,1,Yes,301111,2171817,33247,2506175,5760,3,5,Yes
984,4,1,1,1,Yes,,,301111,57967,32949,392027,0,0,0,No
985,3,3,2,2,Yes,2,Yes,301111,2171995,33247,2506353,5760,3,5,Yes
986,1,1,2,2,Yes,,,301111,58123,32949,392183,0,0,0,No
987,0,1,1,1,Yes,,,281199,60326,32949,374474,0,0,0,No
988,3,3,1,1,Yes,1,Yes,301111,2158074,33247,2492432,5760,3,5,Yes
989,4,1,2,2,Yes,,,301111,60336,32949,394396,0,0,0,No
990,4,1,1,1,Yes,,,301111,57967,32949,392027,0,0,0,No
991,3,3,2,2,Yes,2,Yes,301111,2171995,33247,2506353,5760,3,5,Yes
992,2,2,2,2,Yes,2,Yes,301111,811228,33098,1145437,2880,3,0,No
993,2,3,2,2,Yes,2,Yes,301111,2158196,33247,2492554,5760,3,5,Yes
994,1,1,1,1,Yes,,,301111,60492,32949,394552,0,0,0,No
995,0,1,1,1,Yes,,,281199,60326,32949,374474,0,0,0,No
996,0,1,2,2,Yes,,,281199,57957,32949,372105,0,0,0,No
997,2,3,2,2,Yes,2,Yes,301111,2158196,33247,2492554,5760,3,5,Yes
998,4,1,1,1,Yes,,,301111,57967,32949,392027,0,0,0,No
999,3,2,2,2,Yes,2,Yes,301111,811228,33098,1145437,2880,3,0,No
1000,2,2,2,2,Yes,2,Yes,301111,818025,33098,1152234,2880,3,0,No
